2026-02-18 14:38:25,414 - INFO - ======================================================================
2026-02-18 14:38:25,414 - INFO - Orchestrator Starting - Silver Tier
2026-02-18 14:38:25,414 - INFO - ======================================================================
2026-02-18 14:38:25,415 - INFO - Polling: C:\Users\USER\Desktop\hackathon-0\vault\Queue\pending_tasks.md
2026-02-18 14:38:25,415 - INFO - Interval: 30 seconds
2026-02-18 14:38:25,415 - INFO - Press Ctrl+C to stop
2026-02-18 14:38:25,416 - INFO - Found 2 pending task(s)
2026-02-18 14:38:25,417 - INFO - Task <unique_id>: <claude_prompt>
2026-02-18 14:38:25,419 - INFO - Task task_20260218_143546: You are my AI Employee.
2026-02-18 14:38:55,420 - INFO - Found 2 pending task(s)
2026-02-18 14:38:55,424 - INFO - Task <unique_id>: <claude_prompt>
2026-02-18 14:38:55,443 - INFO - Task task_20260218_143546: You are my AI Employee.
2026-02-18 14:39:25,451 - INFO - Found 2 pending task(s)
2026-02-18 14:39:25,459 - INFO - Task <unique_id>: <claude_prompt>
2026-02-18 14:39:25,472 - INFO - Task task_20260218_143546: You are my AI Employee.
2026-02-18 14:39:55,474 - INFO - Found 2 pending task(s)
2026-02-18 14:39:55,483 - INFO - Task <unique_id>: <claude_prompt>
2026-02-18 14:39:55,495 - INFO - Task task_20260218_143546: You are my AI Employee.
2026-02-18 14:40:25,498 - INFO - Found 2 pending task(s)
2026-02-18 14:40:25,501 - INFO - Task <unique_id>: <claude_prompt>
2026-02-18 14:40:25,504 - INFO - Task task_20260218_143546: You are my AI Employee.
2026-02-18 14:40:55,507 - INFO - Found 2 pending task(s)
2026-02-18 14:40:55,512 - INFO - Task <unique_id>: <claude_prompt>
2026-02-18 14:40:55,522 - INFO - Task task_20260218_143546: You are my AI Employee.
2026-02-18 14:41:25,523 - INFO - Found 2 pending task(s)
2026-02-18 14:41:25,526 - INFO - Task <unique_id>: <claude_prompt>
2026-02-18 14:41:25,530 - INFO - Task task_20260218_143546: You are my AI Employee.
2026-02-18 14:41:55,531 - INFO - Found 2 pending task(s)
2026-02-18 14:41:55,537 - INFO - Task <unique_id>: <claude_prompt>
2026-02-18 14:41:55,544 - INFO - Task task_20260218_143546: You are my AI Employee.
2026-02-18 14:42:25,548 - INFO - Found 2 pending task(s)
2026-02-18 14:42:25,555 - INFO - Task <unique_id>: <claude_prompt>
2026-02-18 14:42:25,567 - INFO - Task task_20260218_143546: You are my AI Employee.
2026-02-18 14:42:55,571 - INFO - Found 2 pending task(s)
2026-02-18 14:42:55,635 - INFO - Task <unique_id>: <claude_prompt>
2026-02-18 14:42:55,642 - INFO - Task task_20260218_143546: You are my AI Employee.
2026-02-18 14:43:25,644 - INFO - Found 2 pending task(s)
2026-02-18 14:43:25,651 - INFO - Task <unique_id>: <claude_prompt>
2026-02-18 14:43:25,664 - INFO - Task task_20260218_143546: You are my AI Employee.
2026-02-18 14:43:55,669 - INFO - Found 2 pending task(s)
2026-02-18 14:43:55,743 - INFO - Task <unique_id>: <claude_prompt>
2026-02-18 14:43:55,751 - INFO - Task task_20260218_143546: You are my AI Employee.
2026-02-18 14:44:25,758 - INFO - Found 2 pending task(s)
2026-02-18 14:44:25,761 - INFO - Task <unique_id>: <claude_prompt>
2026-02-18 14:44:25,767 - INFO - Task task_20260218_143546: You are my AI Employee.
2026-02-18 14:44:55,768 - INFO - Found 2 pending task(s)
2026-02-18 14:44:55,771 - INFO - Task <unique_id>: <claude_prompt>
2026-02-18 14:44:55,773 - INFO - Task task_20260218_143546: You are my AI Employee.
2026-02-18 14:45:25,777 - INFO - Found 2 pending task(s)
2026-02-18 14:45:25,797 - INFO - Task <unique_id>: <claude_prompt>
2026-02-18 14:45:25,810 - INFO - Task task_20260218_143546: You are my AI Employee.
2026-02-18 14:45:55,812 - INFO - Found 2 pending task(s)
2026-02-18 14:45:55,820 - INFO - Task <unique_id>: <claude_prompt>
2026-02-18 14:45:55,830 - INFO - Task task_20260218_143546: You are my AI Employee.
2026-02-18 14:46:25,835 - INFO - Found 2 pending task(s)
2026-02-18 14:46:25,837 - INFO - Task <unique_id>: <claude_prompt>
2026-02-18 14:46:25,840 - INFO - Task task_20260218_143546: You are my AI Employee.
2026-02-18 14:46:55,842 - INFO - Found 2 pending task(s)
2026-02-18 14:46:55,851 - INFO - Task <unique_id>: <claude_prompt>
2026-02-18 14:46:55,874 - INFO - Task task_20260218_143546: You are my AI Employee.
2026-02-18 14:47:25,878 - INFO - Found 2 pending task(s)
2026-02-18 14:47:25,885 - INFO - Task <unique_id>: <claude_prompt>
2026-02-18 14:47:25,909 - INFO - Task task_20260218_143546: You are my AI Employee.
2026-02-18 14:47:55,912 - INFO - Found 2 pending task(s)
2026-02-18 14:47:55,925 - INFO - Task <unique_id>: <claude_prompt>
2026-02-18 14:47:55,990 - INFO - Task task_20260218_143546: You are my AI Employee.
2026-02-18 14:48:25,993 - INFO - Found 2 pending task(s)
2026-02-18 14:48:26,090 - INFO - Task <unique_id>: <claude_prompt>
2026-02-18 14:48:26,110 - INFO - Task task_20260218_143546: You are my AI Employee.
2026-02-18 14:48:56,113 - INFO - Found 2 pending task(s)
2026-02-18 14:48:56,125 - INFO - Task <unique_id>: <claude_prompt>
2026-02-18 14:48:56,146 - INFO - Task task_20260218_143546: You are my AI Employee.
2026-02-18 14:49:26,149 - INFO - Found 2 pending task(s)
2026-02-18 14:49:26,157 - INFO - Task <unique_id>: <claude_prompt>
2026-02-18 14:49:26,170 - INFO - Task task_20260218_143546: You are my AI Employee.
2026-02-18 14:49:56,175 - INFO - Found 2 pending task(s)
2026-02-18 14:49:56,215 - INFO - Task <unique_id>: <claude_prompt>
2026-02-18 14:49:56,219 - INFO - Task task_20260218_143546: You are my AI Employee.
2026-02-18 14:50:26,221 - INFO - Found 2 pending task(s)
2026-02-18 14:50:26,226 - INFO - Task <unique_id>: <claude_prompt>
2026-02-18 14:50:26,238 - INFO - Task task_20260218_143546: You are my AI Employee.
2026-02-18 14:50:56,242 - INFO - Found 2 pending task(s)
2026-02-18 14:50:56,249 - INFO - Task <unique_id>: <claude_prompt>
2026-02-18 14:50:56,264 - INFO - Task task_20260218_143546: You are my AI Employee.
2026-02-18 14:51:26,274 - INFO - Found 2 pending task(s)
2026-02-18 14:51:26,333 - INFO - Task <unique_id>: <claude_prompt>
2026-02-18 14:51:26,337 - INFO - Task task_20260218_143546: You are my AI Employee.
2026-02-18 14:51:56,338 - INFO - Found 2 pending task(s)
2026-02-18 14:51:56,343 - INFO - Task <unique_id>: <claude_prompt>
2026-02-18 14:51:56,360 - INFO - Task task_20260218_143546: You are my AI Employee.
2026-02-18 14:52:26,364 - INFO - Found 2 pending task(s)
2026-02-18 14:52:26,372 - INFO - Task <unique_id>: <claude_prompt>
2026-02-18 14:52:26,384 - INFO - Task task_20260218_143546: You are my AI Employee.
2026-02-18 14:52:56,387 - INFO - Found 2 pending task(s)
2026-02-18 14:52:56,390 - INFO - Task <unique_id>: <claude_prompt>
2026-02-18 14:52:56,392 - INFO - Task task_20260218_143546: You are my AI Employee.
2026-02-18 14:53:26,394 - INFO - Found 2 pending task(s)
2026-02-18 14:53:26,402 - INFO - Task <unique_id>: <claude_prompt>
2026-02-18 14:53:26,430 - INFO - Task task_20260218_143546: You are my AI Employee.
2026-02-18 14:53:56,432 - INFO - Found 2 pending task(s)
2026-02-18 14:53:56,435 - INFO - Task <unique_id>: <claude_prompt>
2026-02-18 14:53:56,440 - INFO - Task task_20260218_143546: You are my AI Employee.
2026-02-18 14:54:26,443 - INFO - Found 2 pending task(s)
2026-02-18 14:54:26,450 - INFO - Task <unique_id>: <claude_prompt>
2026-02-18 14:54:26,465 - INFO - Task task_20260218_143546: You are my AI Employee.
2026-02-18 14:54:56,467 - INFO - Found 2 pending task(s)
2026-02-18 14:54:56,469 - INFO - Task <unique_id>: <claude_prompt>
2026-02-18 14:54:56,471 - INFO - Task task_20260218_143546: You are my AI Employee.
2026-02-18 14:55:26,472 - INFO - Found 2 pending task(s)
2026-02-18 14:55:26,482 - INFO - Task <unique_id>: <claude_prompt>
2026-02-18 14:55:26,496 - INFO - Task task_20260218_143546: You are my AI Employee.
2026-02-18 14:55:51,856 - INFO - 
Keyboard interrupt received. Stopping orchestrator...
2026-02-18 14:55:51,860 - INFO - Orchestrator stopped
2026-02-18 14:55:51,863 - INFO - ======================================================================
2026-02-20 00:07:01,797 - INFO - ======================================================================
2026-02-20 00:07:01,798 - INFO - Orchestrator Starting - Silver Tier
2026-02-20 00:07:01,798 - INFO - ======================================================================
2026-02-20 00:07:01,799 - INFO - Polling: C:\Users\USER\Desktop\hackathon-0\vault\Queue\pending_tasks.md
2026-02-20 00:07:01,799 - INFO - Interval: 30 seconds
2026-02-20 00:07:01,800 - INFO - Press Ctrl+C to stop
2026-02-20 00:07:01,803 - INFO - Found 2 pending task(s)
2026-02-20 00:07:01,805 - INFO - Task <unique_id>: <claude_prompt>
2026-02-20 00:07:01,806 - INFO - Task task_20260218_143546: You are my AI Employee.
2026-02-20 00:07:31,809 - INFO - Found 2 pending task(s)
2026-02-20 00:07:31,816 - INFO - Task <unique_id>: <claude_prompt>
2026-02-20 00:07:31,828 - INFO - Task task_20260218_143546: You are my AI Employee.
2026-02-20 00:08:01,832 - INFO - Found 2 pending task(s)
2026-02-20 00:08:01,841 - INFO - Task <unique_id>: <claude_prompt>
2026-02-20 00:08:01,853 - INFO - Task task_20260218_143546: You are my AI Employee.
2026-02-20 00:08:31,867 - INFO - Found 2 pending task(s)
2026-02-20 00:08:31,943 - INFO - Task <unique_id>: <claude_prompt>
2026-02-20 00:08:31,996 - INFO - Task task_20260218_143546: You are my AI Employee.
2026-02-20 00:09:01,998 - INFO - Found 2 pending task(s)
2026-02-20 00:09:02,005 - INFO - Task <unique_id>: <claude_prompt>
2026-02-20 00:09:02,022 - INFO - Task task_20260218_143546: You are my AI Employee.
2026-02-20 00:09:32,050 - INFO - Found 2 pending task(s)
2026-02-20 00:09:32,055 - INFO - Task <unique_id>: <claude_prompt>
2026-02-20 00:09:32,059 - INFO - Task task_20260218_143546: You are my AI Employee.
2026-02-20 00:10:02,061 - INFO - Found 2 pending task(s)
2026-02-20 00:10:02,071 - INFO - Task <unique_id>: <claude_prompt>
2026-02-20 00:10:02,085 - INFO - Task task_20260218_143546: You are my AI Employee.
2026-02-20 00:10:32,089 - INFO - Found 1 pending task(s)
2026-02-20 00:10:32,102 - INFO - Task <unique_id>: <claude_prompt>
2026-02-20 00:11:02,105 - INFO - Found 1 pending task(s)
2026-02-20 00:11:02,110 - INFO - Task <unique_id>: <claude_prompt>
2026-02-20 00:11:32,112 - INFO - Found 1 pending task(s)
2026-02-20 00:11:32,115 - INFO - Task <unique_id>: <claude_prompt>
2026-02-20 00:11:42,723 - INFO - 
Keyboard interrupt received. Stopping orchestrator...
2026-02-20 00:11:42,725 - INFO - Orchestrator stopped
2026-02-20 00:11:42,726 - INFO - ======================================================================
2026-02-20 00:11:45,195 - INFO - ======================================================================
2026-02-20 00:11:45,196 - INFO - Orchestrator Starting - Silver Tier
2026-02-20 00:11:45,196 - INFO - ======================================================================
2026-02-20 00:11:45,196 - INFO - Polling: C:\Users\USER\Desktop\hackathon-0\vault\Queue\pending_tasks.md
2026-02-20 00:11:45,197 - INFO - Interval: 30 seconds
2026-02-20 00:11:45,197 - INFO - Press Ctrl+C to stop
2026-02-20 00:11:45,198 - INFO - Found 1 pending task(s)
2026-02-20 00:11:45,199 - INFO - Task <unique_id>: <claude_prompt>
2026-02-20 00:12:15,202 - INFO - Found 1 pending task(s)
2026-02-20 00:12:15,207 - INFO - Task <unique_id>: <claude_prompt>
2026-02-20 00:12:27,429 - INFO - 
Keyboard interrupt received. Stopping orchestrator...
2026-02-20 00:12:27,430 - INFO - Orchestrator stopped
2026-02-20 00:12:27,431 - INFO - ======================================================================
2026-02-20 00:12:32,329 - INFO - ======================================================================
2026-02-20 00:12:32,329 - INFO - Orchestrator Starting - Silver Tier
2026-02-20 00:12:32,329 - INFO - ======================================================================
2026-02-20 00:12:32,329 - INFO - Polling: C:\Users\USER\Desktop\hackathon-0\vault\Queue\pending_tasks.md
2026-02-20 00:12:32,330 - INFO - Interval: 30 seconds
2026-02-20 00:12:32,330 - INFO - Press Ctrl+C to stop
2026-02-20 00:12:32,331 - INFO - Found 1 pending task(s)
2026-02-20 00:12:32,332 - INFO - Task <unique_id>: <claude_prompt>
2026-02-20 00:12:53,887 - INFO - 
Keyboard interrupt received. Stopping orchestrator...
2026-02-20 00:12:53,889 - INFO - Orchestrator stopped
2026-02-20 00:12:53,890 - INFO - ======================================================================
2026-02-20 00:12:58,526 - INFO - ======================================================================
2026-02-20 00:12:58,527 - INFO - Orchestrator Starting - Silver Tier
2026-02-20 00:12:58,527 - INFO - ======================================================================
2026-02-20 00:12:58,527 - INFO - Polling: C:\Users\USER\Desktop\hackathon-0\vault\Queue\pending_tasks.md
2026-02-20 00:12:58,528 - INFO - Interval: 30 seconds
2026-02-20 00:12:58,528 - INFO - Press Ctrl+C to stop
2026-02-20 00:21:48,888 - INFO - 
Keyboard interrupt received. Stopping orchestrator...
2026-02-20 00:21:48,890 - INFO - Orchestrator stopped
2026-02-20 00:21:48,891 - INFO - ======================================================================
2026-02-20 00:21:50,152 - INFO - ======================================================================
2026-02-20 00:21:50,153 - INFO - Orchestrator Starting - Silver Tier
2026-02-20 00:21:50,153 - INFO - ======================================================================
2026-02-20 00:21:50,153 - INFO - Polling: C:\Users\USER\Desktop\hackathon-0\vault\Queue\pending_tasks.md
2026-02-20 00:21:50,153 - INFO - Interval: 30 seconds
2026-02-20 00:21:50,154 - INFO - Press Ctrl+C to stop
2026-02-20 00:28:46,049 - INFO - 
Keyboard interrupt received. Stopping orchestrator...
2026-02-20 00:28:46,051 - INFO - Orchestrator stopped
2026-02-20 00:28:46,052 - INFO - ======================================================================
2026-02-20 00:28:48,565 - INFO - ======================================================================
2026-02-20 00:28:48,565 - INFO - Orchestrator Starting - Silver Tier
2026-02-20 00:28:48,565 - INFO - ======================================================================
2026-02-20 00:28:48,566 - INFO - Polling: C:\Users\USER\Desktop\hackathon-0\vault\Queue\pending_tasks.md
2026-02-20 00:28:48,566 - INFO - Interval: 30 seconds
2026-02-20 00:28:48,566 - INFO - Press Ctrl+C to stop
2026-02-20 00:40:04,839 - INFO - 
Keyboard interrupt received. Stopping orchestrator...
2026-02-20 00:40:04,841 - INFO - Orchestrator stopped
2026-02-20 00:40:04,842 - INFO - ======================================================================
2026-02-20 00:40:06,846 - INFO - ======================================================================
2026-02-20 00:40:06,846 - INFO - Orchestrator Starting - Silver Tier
2026-02-20 00:40:06,847 - INFO - ======================================================================
2026-02-20 00:40:06,847 - INFO - Polling: C:\Users\USER\Desktop\hackathon-0\vault\Queue\pending_tasks.md
2026-02-20 00:40:06,847 - INFO - Interval: 30 seconds
2026-02-20 00:40:06,848 - INFO - Press Ctrl+C to stop
2026-02-20 00:53:29,104 - INFO - 
Keyboard interrupt received. Stopping orchestrator...
2026-02-20 00:53:29,121 - INFO - Orchestrator stopped
2026-02-20 00:53:29,122 - INFO - ======================================================================
2026-02-20 00:53:31,933 - INFO - ======================================================================
2026-02-20 00:53:31,934 - INFO - Orchestrator Starting - Silver Tier
2026-02-20 00:53:31,934 - INFO - ======================================================================
2026-02-20 00:53:31,934 - INFO - Polling: C:\Users\USER\Desktop\hackathon-0\vault\Queue\pending_tasks.md
2026-02-20 00:53:31,935 - INFO - Interval: 30 seconds
2026-02-20 00:53:31,935 - INFO - Press Ctrl+C to stop
2026-02-20 01:01:58,550 - INFO - 
Keyboard interrupt received. Stopping orchestrator...
2026-02-20 01:01:58,552 - INFO - Orchestrator stopped
2026-02-20 01:01:58,553 - INFO - ======================================================================
2026-02-20 01:02:29,598 - INFO - ======================================================================
2026-02-20 01:02:29,599 - INFO - Orchestrator Starting - Silver Tier
2026-02-20 01:02:29,599 - INFO - ======================================================================
2026-02-20 01:02:29,599 - INFO - Polling: C:\Users\USER\Desktop\hackathon-0\vault\Queue\pending_tasks.md
2026-02-20 01:02:29,600 - INFO - Interval: 30 seconds
2026-02-20 01:02:29,600 - INFO - Press Ctrl+C to stop
2026-02-20 01:02:29,601 - INFO - Found 3 pending task(s)
2026-02-20 01:02:29,601 - INFO - Task #1 (email): Urgent Based
2026-02-20 01:02:29,601 - INFO - Task #2 (email): Urgent Based
2026-02-20 01:02:29,602 - ERROR - Error processing queue: 'charmap' codec can't encode character '\U0001f604' in position 36: character maps to <undefined>
Traceback (most recent call last):
  File "C:\Users\USER\Desktop\hackathon-0\scripts\orchestrator.py", line 209, in main
    process_tasks(tasks)
    ~~~~~~~~~~~~~^^^^^^^
  File "C:\Users\USER\Desktop\hackathon-0\scripts\orchestrator.py", line 169, in process_tasks
    print(f"Prompt: {prompt}")
    ~~~~~^^^^^^^^^^^^^^^^^^^^^
  File "C:\Users\USER\AppData\Local\Programs\Python\Python313\Lib\encodings\cp1252.py", line 19, in encode
    return codecs.charmap_encode(input,self.errors,encoding_table)[0]
           ~~~~~~~~~~~~~~~~~~~~~^^^^^^^^^^^^^^^^^^^^^^^^^^^^^^^^^^
UnicodeEncodeError: 'charmap' codec can't encode character '\U0001f604' in position 36: character maps to <undefined>
2026-02-20 01:02:59,727 - INFO - Found 3 pending task(s)
2026-02-20 01:02:59,727 - INFO - Task #1 (email): Urgent Based
2026-02-20 01:02:59,728 - INFO - Task #2 (email): Urgent Based
2026-02-20 01:02:59,728 - ERROR - Error processing queue: 'charmap' codec can't encode character '\U0001f604' in position 36: character maps to <undefined>
Traceback (most recent call last):
  File "C:\Users\USER\Desktop\hackathon-0\scripts\orchestrator.py", line 209, in main
    process_tasks(tasks)
    ~~~~~~~~~~~~~^^^^^^^
  File "C:\Users\USER\Desktop\hackathon-0\scripts\orchestrator.py", line 169, in process_tasks
    print(f"Prompt: {prompt}")
    ~~~~~^^^^^^^^^^^^^^^^^^^^^
  File "C:\Users\USER\AppData\Local\Programs\Python\Python313\Lib\encodings\cp1252.py", line 19, in encode
    return codecs.charmap_encode(input,self.errors,encoding_table)[0]
           ~~~~~~~~~~~~~~~~~~~~~^^^^^^^^^^^^^^^^^^^^^^^^^^^^^^^^^^
UnicodeEncodeError: 'charmap' codec can't encode character '\U0001f604' in position 36: character maps to <undefined>
2026-02-20 01:03:29,731 - INFO - Found 3 pending task(s)
2026-02-20 01:03:29,732 - INFO - Task #1 (email): Urgent Based
2026-02-20 01:03:29,732 - INFO - Task #2 (email): Urgent Based
2026-02-20 01:03:29,732 - ERROR - Error processing queue: 'charmap' codec can't encode character '\U0001f604' in position 36: character maps to <undefined>
Traceback (most recent call last):
  File "C:\Users\USER\Desktop\hackathon-0\scripts\orchestrator.py", line 209, in main
    QUEUE_FILE.parent.mkdir(parents=True, exist_ok=True)
            ^^^^^^^^^^^^^^^^^^^^
  File "C:\Users\USER\Desktop\hackathon-0\scripts\orchestrator.py", line 169, in process_tasks
    file_path = task.get('file_path', 'No file')
    ^^^^^^^^^^^^^^^^^^^^^^^^^^
  File "C:\Users\USER\AppData\Local\Programs\Python\Python313\Lib\encodings\cp1252.py", line 19, in encode
    return codecs.charmap_encode(input,self.errors,encoding_table)[0]
           ~~~~~~~~~~~~~~~~~~~~~^^^^^^^^^^^^^^^^^^^^^^^^^^^^^^^^^^
UnicodeEncodeError: 'charmap' codec can't encode character '\U0001f604' in position 36: character maps to <undefined>
2026-02-20 01:03:42,164 - INFO - ======================================================================
2026-02-20 01:03:42,165 - INFO - Orchestrator Starting - Silver Tier
2026-02-20 01:03:42,165 - INFO - ======================================================================
2026-02-20 01:03:42,165 - INFO - Polling: C:\Users\USER\Desktop\hackathon-0\vault\Queue\pending_tasks.md
2026-02-20 01:03:42,165 - INFO - Interval: 30 seconds
2026-02-20 01:03:42,165 - INFO - Press Ctrl+C to stop
2026-02-20 01:03:42,166 - INFO - Found 3 pending task(s)
2026-02-20 01:03:42,166 - INFO - Task #1 (email): Urgent Based
2026-02-20 01:03:42,167 - INFO - Task #2 (email): Urgent Based
2026-02-20 01:03:42,167 - INFO - Task #3 (email): Re: urgent
2026-02-20 01:03:59,742 - INFO - Found 3 pending task(s)
2026-02-20 01:03:59,743 - INFO - Task #1 (email): Urgent Based
2026-02-20 01:03:59,744 - INFO - Task #2 (email): Urgent Based
2026-02-20 01:03:59,744 - ERROR - Error processing queue: 'charmap' codec can't encode character '\U0001f604' in position 36: character maps to <undefined>
Traceback (most recent call last):
  File "C:\Users\USER\Desktop\hackathon-0\scripts\orchestrator.py", line 209, in main
    QUEUE_FILE.parent.mkdir(parents=True, exist_ok=True)
            ^^^^^^^^^^^^^^^^^^^^
  File "C:\Users\USER\Desktop\hackathon-0\scripts\orchestrator.py", line 169, in process_tasks
    file_path = task.get('file_path', 'No file')
    ^^^^^^^^^^^^^^^^^^^^^^^^^^
  File "C:\Users\USER\AppData\Local\Programs\Python\Python313\Lib\encodings\cp1252.py", line 19, in encode
    return codecs.charmap_encode(input,self.errors,encoding_table)[0]
           ~~~~~~~~~~~~~~~~~~~~~^^^^^^^^^^^^^^^^^^^^^^^^^^^^^^^^^^
UnicodeEncodeError: 'charmap' codec can't encode character '\U0001f604' in position 36: character maps to <undefined>
2026-02-20 01:04:24,118 - INFO - ======================================================================
2026-02-20 01:04:24,119 - INFO - Orchestrator Starting - Silver Tier
2026-02-20 01:04:24,119 - INFO - ======================================================================
2026-02-20 01:04:24,119 - INFO - Polling: C:\Users\USER\Desktop\hackathon-0\vault\Queue\pending_tasks.md
2026-02-20 01:04:24,120 - INFO - Interval: 30 seconds
2026-02-20 01:04:24,120 - INFO - Press Ctrl+C to stop
2026-02-20 01:04:24,121 - INFO - Found 3 pending task(s)
2026-02-20 01:04:24,122 - INFO - Task #1 (email): Urgent Based
2026-02-20 01:04:24,124 - INFO - Task #2 (email): Urgent Based
2026-02-20 01:04:24,125 - INFO - Task #3 (email): Re: urgent
2026-02-20 01:04:29,750 - INFO - Found 3 pending task(s)
2026-02-20 01:04:29,750 - INFO - Task #1 (email): Urgent Based
2026-02-20 01:04:29,750 - INFO - Task #2 (email): Urgent Based
2026-02-20 01:04:29,750 - ERROR - Error processing queue: 'charmap' codec can't encode character '\U0001f604' in position 36: character maps to <undefined>
Traceback (most recent call last):
  File "C:\Users\USER\Desktop\hackathon-0\scripts\orchestrator.py", line 209, in main
    QUEUE_FILE.parent.mkdir(parents=True, exist_ok=True)
            ^^^^^^^^^^^^^^^^^^^^
  File "C:\Users\USER\Desktop\hackathon-0\scripts\orchestrator.py", line 169, in process_tasks
    file_path = task.get('file_path', 'No file')
    ^^^^^^^^^^^^^^^^^^^^^^^^^^
  File "C:\Users\USER\AppData\Local\Programs\Python\Python313\Lib\encodings\cp1252.py", line 19, in encode
    return codecs.charmap_encode(input,self.errors,encoding_table)[0]
           ~~~~~~~~~~~~~~~~~~~~~^^^^^^^^^^^^^^^^^^^^^^^^^^^^^^^^^^
UnicodeEncodeError: 'charmap' codec can't encode character '\U0001f604' in position 36: character maps to <undefined>
2026-02-20 01:04:54,127 - INFO - Found 3 pending task(s)
2026-02-20 01:04:54,133 - INFO - Task #1 (email): Urgent Based
2026-02-20 01:04:54,145 - INFO - Task #2 (email): Urgent Based
2026-02-20 01:04:54,155 - INFO - Task #3 (email): Re: urgent
2026-02-20 01:04:59,754 - INFO - Found 3 pending task(s)
2026-02-20 01:04:59,754 - INFO - Task #1 (email): Urgent Based
2026-02-20 01:04:59,754 - INFO - Task #2 (email): Urgent Based
2026-02-20 01:04:59,755 - ERROR - Error processing queue: 'charmap' codec can't encode character '\U0001f604' in position 36: character maps to <undefined>
Traceback (most recent call last):
  File "C:\Users\USER\Desktop\hackathon-0\scripts\orchestrator.py", line 209, in main
    QUEUE_FILE.parent.mkdir(parents=True, exist_ok=True)
            ^^^^^^^^^^^^^^^^^^^^
  File "C:\Users\USER\Desktop\hackathon-0\scripts\orchestrator.py", line 169, in process_tasks
    file_path = task.get('file_path', 'No file')
    ^^^^^^^^^^^^^^^^^^^^^^^^^^
  File "C:\Users\USER\AppData\Local\Programs\Python\Python313\Lib\encodings\cp1252.py", line 19, in encode
    return codecs.charmap_encode(input,self.errors,encoding_table)[0]
           ~~~~~~~~~~~~~~~~~~~~~^^^^^^^^^^^^^^^^^^^^^^^^^^^^^^^^^^
UnicodeEncodeError: 'charmap' codec can't encode character '\U0001f604' in position 36: character maps to <undefined>
2026-02-20 01:05:24,158 - INFO - Found 3 pending task(s)
2026-02-20 01:05:24,169 - INFO - Task #1 (email): Urgent Based
2026-02-20 01:05:24,203 - INFO - Task #2 (email): Urgent Based
2026-02-20 01:05:24,246 - INFO - Task #3 (email): Re: urgent
2026-02-20 01:05:29,758 - INFO - Found 3 pending task(s)
2026-02-20 01:05:29,759 - INFO - Task #1 (email): Urgent Based
2026-02-20 01:05:29,760 - INFO - Task #2 (email): Urgent Based
2026-02-20 01:05:29,761 - ERROR - Error processing queue: 'charmap' codec can't encode character '\U0001f604' in position 36: character maps to <undefined>
Traceback (most recent call last):
  File "C:\Users\USER\Desktop\hackathon-0\scripts\orchestrator.py", line 209, in main
    QUEUE_FILE.parent.mkdir(parents=True, exist_ok=True)
            ^^^^^^^^^^^^^^^^^^^^
  File "C:\Users\USER\Desktop\hackathon-0\scripts\orchestrator.py", line 169, in process_tasks
    file_path = task.get('file_path', 'No file')
    ^^^^^^^^^^^^^^^^^^^^^^^^^^
  File "C:\Users\USER\AppData\Local\Programs\Python\Python313\Lib\encodings\cp1252.py", line 19, in encode
    return codecs.charmap_encode(input,self.errors,encoding_table)[0]
           ~~~~~~~~~~~~~~~~~~~~~^^^^^^^^^^^^^^^^^^^^^^^^^^^^^^^^^^
UnicodeEncodeError: 'charmap' codec can't encode character '\U0001f604' in position 36: character maps to <undefined>
2026-02-20 01:05:53,092 - INFO - 
Keyboard interrupt received. Stopping orchestrator...
2026-02-20 01:05:53,094 - INFO - Orchestrator stopped
2026-02-20 01:05:53,095 - INFO - ======================================================================
2026-02-20 01:05:59,766 - INFO - Found 3 pending task(s)
2026-02-20 01:05:59,767 - INFO - Task #1 (email): Urgent Based
2026-02-20 01:05:59,767 - INFO - Task #2 (email): Urgent Based
2026-02-20 01:05:59,768 - ERROR - Error processing queue: 'charmap' codec can't encode character '\U0001f604' in position 36: character maps to <undefined>
Traceback (most recent call last):
  File "C:\Users\USER\Desktop\hackathon-0\scripts\orchestrator.py", line 209, in main
    QUEUE_FILE.parent.mkdir(parents=True, exist_ok=True)
            ^^^^^^^^^^^^^^^^^^^^
  File "C:\Users\USER\Desktop\hackathon-0\scripts\orchestrator.py", line 169, in process_tasks
    file_path = task.get('file_path', 'No file')
    ^^^^^^^^^^^^^^^^^^^^^^^^^^
  File "C:\Users\USER\AppData\Local\Programs\Python\Python313\Lib\encodings\cp1252.py", line 19, in encode
    return codecs.charmap_encode(input,self.errors,encoding_table)[0]
           ~~~~~~~~~~~~~~~~~~~~~^^^^^^^^^^^^^^^^^^^^^^^^^^^^^^^^^^
UnicodeEncodeError: 'charmap' codec can't encode character '\U0001f604' in position 36: character maps to <undefined>
2026-02-20 01:06:29,774 - INFO - Found 3 pending task(s)
2026-02-20 01:06:29,775 - INFO - Task #1 (email): Urgent Based
2026-02-20 01:06:29,775 - INFO - Task #2 (email): Urgent Based
2026-02-20 01:06:29,776 - ERROR - Error processing queue: 'charmap' codec can't encode character '\U0001f604' in position 36: character maps to <undefined>
Traceback (most recent call last):
  File "C:\Users\USER\Desktop\hackathon-0\scripts\orchestrator.py", line 209, in main
    QUEUE_FILE.parent.mkdir(parents=True, exist_ok=True)
            ^^^^^^^^^^^^^^^^^^^^
  File "C:\Users\USER\Desktop\hackathon-0\scripts\orchestrator.py", line 169, in process_tasks
    file_path = task.get('file_path', 'No file')
    ^^^^^^^^^^^^^^^^^^^^^^^^^^
  File "C:\Users\USER\AppData\Local\Programs\Python\Python313\Lib\encodings\cp1252.py", line 19, in encode
    return codecs.charmap_encode(input,self.errors,encoding_table)[0]
           ~~~~~~~~~~~~~~~~~~~~~^^^^^^^^^^^^^^^^^^^^^^^^^^^^^^^^^^
UnicodeEncodeError: 'charmap' codec can't encode character '\U0001f604' in position 36: character maps to <undefined>
2026-02-20 01:06:59,789 - INFO - Found 3 pending task(s)
2026-02-20 01:06:59,789 - INFO - Task #1 (email): Urgent Based
2026-02-20 01:06:59,789 - INFO - Task #2 (email): Urgent Based
2026-02-20 01:06:59,789 - ERROR - Error processing queue: 'charmap' codec can't encode character '\U0001f604' in position 36: character maps to <undefined>
Traceback (most recent call last):
  File "C:\Users\USER\Desktop\hackathon-0\scripts\orchestrator.py", line 209, in main
    QUEUE_FILE.parent.mkdir(parents=True, exist_ok=True)
            ^^^^^^^^^^^^^^^^^^^^
  File "C:\Users\USER\Desktop\hackathon-0\scripts\orchestrator.py", line 169, in process_tasks
    file_path = task.get('file_path', 'No file')
    ^^^^^^^^^^^^^^^^^^^^^^^^^^
  File "C:\Users\USER\AppData\Local\Programs\Python\Python313\Lib\encodings\cp1252.py", line 19, in encode
    return codecs.charmap_encode(input,self.errors,encoding_table)[0]
           ~~~~~~~~~~~~~~~~~~~~~^^^^^^^^^^^^^^^^^^^^^^^^^^^^^^^^^^
UnicodeEncodeError: 'charmap' codec can't encode character '\U0001f604' in position 36: character maps to <undefined>
2026-02-20 01:07:29,793 - INFO - Found 3 pending task(s)
2026-02-20 01:07:29,793 - INFO - Task #1 (email): Urgent Based
2026-02-20 01:07:29,794 - INFO - Task #2 (email): Urgent Based
2026-02-20 01:07:29,794 - ERROR - Error processing queue: 'charmap' codec can't encode character '\U0001f604' in position 36: character maps to <undefined>
Traceback (most recent call last):
  File "C:\Users\USER\Desktop\hackathon-0\scripts\orchestrator.py", line 209, in main
    QUEUE_FILE.parent.mkdir(parents=True, exist_ok=True)
            ^^^^^^^^^^^^^^^^^^^^
  File "C:\Users\USER\Desktop\hackathon-0\scripts\orchestrator.py", line 169, in process_tasks
    file_path = task.get('file_path', 'No file')
    ^^^^^^^^^^^^^^^^^^^^^^^^^^
  File "C:\Users\USER\AppData\Local\Programs\Python\Python313\Lib\encodings\cp1252.py", line 19, in encode
    return codecs.charmap_encode(input,self.errors,encoding_table)[0]
           ~~~~~~~~~~~~~~~~~~~~~^^^^^^^^^^^^^^^^^^^^^^^^^^^^^^^^^^
UnicodeEncodeError: 'charmap' codec can't encode character '\U0001f604' in position 36: character maps to <undefined>
2026-02-20 01:07:59,798 - INFO - Found 3 pending task(s)
2026-02-20 01:07:59,799 - INFO - Task #1 (email): Urgent Based
2026-02-20 01:07:59,799 - INFO - Task #2 (email): Urgent Based
2026-02-20 01:07:59,801 - ERROR - Error processing queue: 'charmap' codec can't encode character '\U0001f604' in position 36: character maps to <undefined>
Traceback (most recent call last):
  File "C:\Users\USER\Desktop\hackathon-0\scripts\orchestrator.py", line 209, in main
    QUEUE_FILE.parent.mkdir(parents=True, exist_ok=True)
            ^^^^^^^^^^^^^^^^^^^^
  File "C:\Users\USER\Desktop\hackathon-0\scripts\orchestrator.py", line 169, in process_tasks
    file_path = task.get('file_path', 'No file')
    ^^^^^^^^^^^^^^^^^^^^^^^^^^
  File "C:\Users\USER\AppData\Local\Programs\Python\Python313\Lib\encodings\cp1252.py", line 19, in encode
    return codecs.charmap_encode(input,self.errors,encoding_table)[0]
           ~~~~~~~~~~~~~~~~~~~~~^^^^^^^^^^^^^^^^^^^^^^^^^^^^^^^^^^
UnicodeEncodeError: 'charmap' codec can't encode character '\U0001f604' in position 36: character maps to <undefined>
2026-02-20 01:08:29,805 - INFO - Found 3 pending task(s)
2026-02-20 01:08:29,806 - INFO - Task #1 (email): Urgent Based
2026-02-20 01:08:29,806 - INFO - Task #2 (email): Urgent Based
2026-02-20 01:08:29,807 - ERROR - Error processing queue: 'charmap' codec can't encode character '\U0001f604' in position 36: character maps to <undefined>
Traceback (most recent call last):
  File "C:\Users\USER\Desktop\hackathon-0\scripts\orchestrator.py", line 209, in main
    QUEUE_FILE.parent.mkdir(parents=True, exist_ok=True)
            ^^^^^^^^^^^^^^^^^^^^
  File "C:\Users\USER\Desktop\hackathon-0\scripts\orchestrator.py", line 169, in process_tasks
    file_path = task.get('file_path', 'No file')
    ^^^^^^^^^^^^^^^^^^^^^^^^^^
  File "C:\Users\USER\AppData\Local\Programs\Python\Python313\Lib\encodings\cp1252.py", line 19, in encode
    return codecs.charmap_encode(input,self.errors,encoding_table)[0]
           ~~~~~~~~~~~~~~~~~~~~~^^^^^^^^^^^^^^^^^^^^^^^^^^^^^^^^^^
UnicodeEncodeError: 'charmap' codec can't encode character '\U0001f604' in position 36: character maps to <undefined>
2026-02-20 01:08:59,811 - INFO - Found 3 pending task(s)
2026-02-20 01:08:59,811 - INFO - Task #1 (email): Urgent Based
2026-02-20 01:08:59,812 - INFO - Task #2 (email): Urgent Based
2026-02-20 01:08:59,812 - ERROR - Error processing queue: 'charmap' codec can't encode character '\U0001f604' in position 36: character maps to <undefined>
Traceback (most recent call last):
  File "C:\Users\USER\Desktop\hackathon-0\scripts\orchestrator.py", line 209, in main
    QUEUE_FILE.parent.mkdir(parents=True, exist_ok=True)
            ^^^^^^^^^^^^^^^^^^^^
  File "C:\Users\USER\Desktop\hackathon-0\scripts\orchestrator.py", line 169, in process_tasks
    file_path = task.get('file_path', 'No file')
    ^^^^^^^^^^^^^^^^^^^^^^^^^^
  File "C:\Users\USER\AppData\Local\Programs\Python\Python313\Lib\encodings\cp1252.py", line 19, in encode
    return codecs.charmap_encode(input,self.errors,encoding_table)[0]
           ~~~~~~~~~~~~~~~~~~~~~^^^^^^^^^^^^^^^^^^^^^^^^^^^^^^^^^^
UnicodeEncodeError: 'charmap' codec can't encode character '\U0001f604' in position 36: character maps to <undefined>
2026-02-20 01:09:29,815 - INFO - Found 3 pending task(s)
2026-02-20 01:09:29,815 - INFO - Task #1 (email): Urgent Based
2026-02-20 01:09:29,816 - INFO - Task #2 (email): Urgent Based
2026-02-20 01:09:29,816 - ERROR - Error processing queue: 'charmap' codec can't encode character '\U0001f604' in position 36: character maps to <undefined>
Traceback (most recent call last):
  File "C:\Users\USER\Desktop\hackathon-0\scripts\orchestrator.py", line 209, in main
    QUEUE_FILE.parent.mkdir(parents=True, exist_ok=True)
            ^^^^^^^^^^^^^^^^^^^^
  File "C:\Users\USER\Desktop\hackathon-0\scripts\orchestrator.py", line 169, in process_tasks
    file_path = task.get('file_path', 'No file')
    ^^^^^^^^^^^^^^^^^^^^^^^^^^
  File "C:\Users\USER\AppData\Local\Programs\Python\Python313\Lib\encodings\cp1252.py", line 19, in encode
    return codecs.charmap_encode(input,self.errors,encoding_table)[0]
           ~~~~~~~~~~~~~~~~~~~~~^^^^^^^^^^^^^^^^^^^^^^^^^^^^^^^^^^
UnicodeEncodeError: 'charmap' codec can't encode character '\U0001f604' in position 36: character maps to <undefined>
2026-02-20 01:09:59,820 - INFO - Found 3 pending task(s)
2026-02-20 01:09:59,821 - INFO - Task #1 (email): Urgent Based
2026-02-20 01:09:59,822 - INFO - Task #2 (email): Urgent Based
2026-02-20 01:09:59,822 - ERROR - Error processing queue: 'charmap' codec can't encode character '\U0001f604' in position 36: character maps to <undefined>
Traceback (most recent call last):
  File "C:\Users\USER\Desktop\hackathon-0\scripts\orchestrator.py", line 209, in main
    QUEUE_FILE.parent.mkdir(parents=True, exist_ok=True)
            ^^^^^^^^^^^^^^^^^^^^
  File "C:\Users\USER\Desktop\hackathon-0\scripts\orchestrator.py", line 169, in process_tasks
    file_path = task.get('file_path', 'No file')
    ^^^^^^^^^^^^^^^^^^^^^^^^^^
  File "C:\Users\USER\AppData\Local\Programs\Python\Python313\Lib\encodings\cp1252.py", line 19, in encode
    return codecs.charmap_encode(input,self.errors,encoding_table)[0]
           ~~~~~~~~~~~~~~~~~~~~~^^^^^^^^^^^^^^^^^^^^^^^^^^^^^^^^^^
UnicodeEncodeError: 'charmap' codec can't encode character '\U0001f604' in position 36: character maps to <undefined>
2026-02-20 01:10:29,828 - INFO - Found 3 pending task(s)
2026-02-20 01:10:29,828 - INFO - Task #1 (email): Urgent Based
2026-02-20 01:10:29,828 - INFO - Task #2 (email): Urgent Based
2026-02-20 01:10:29,829 - ERROR - Error processing queue: 'charmap' codec can't encode character '\U0001f604' in position 36: character maps to <undefined>
Traceback (most recent call last):
  File "C:\Users\USER\Desktop\hackathon-0\scripts\orchestrator.py", line 209, in main
    QUEUE_FILE.parent.mkdir(parents=True, exist_ok=True)
            ^^^^^^^^^^^^^^^^^^^^
  File "C:\Users\USER\Desktop\hackathon-0\scripts\orchestrator.py", line 169, in process_tasks
    file_path = task.get('file_path', 'No file')
    ^^^^^^^^^^^^^^^^^^^^^^^^^^
  File "C:\Users\USER\AppData\Local\Programs\Python\Python313\Lib\encodings\cp1252.py", line 19, in encode
    return codecs.charmap_encode(input,self.errors,encoding_table)[0]
           ~~~~~~~~~~~~~~~~~~~~~^^^^^^^^^^^^^^^^^^^^^^^^^^^^^^^^^^
UnicodeEncodeError: 'charmap' codec can't encode character '\U0001f604' in position 36: character maps to <undefined>
2026-02-20 01:10:59,835 - INFO - Found 3 pending task(s)
2026-02-20 01:10:59,836 - INFO - Task #1 (email): Urgent Based
2026-02-20 01:10:59,836 - INFO - Task #2 (email): Urgent Based
2026-02-20 01:10:59,837 - ERROR - Error processing queue: 'charmap' codec can't encode character '\U0001f604' in position 36: character maps to <undefined>
Traceback (most recent call last):
  File "C:\Users\USER\Desktop\hackathon-0\scripts\orchestrator.py", line 209, in main
    QUEUE_FILE.parent.mkdir(parents=True, exist_ok=True)
            ^^^^^^^^^^^^^^^^^^^^
  File "C:\Users\USER\Desktop\hackathon-0\scripts\orchestrator.py", line 169, in process_tasks
    file_path = task.get('file_path', 'No file')
    ^^^^^^^^^^^^^^^^^^^^^^^^^^
  File "C:\Users\USER\AppData\Local\Programs\Python\Python313\Lib\encodings\cp1252.py", line 19, in encode
    return codecs.charmap_encode(input,self.errors,encoding_table)[0]
           ~~~~~~~~~~~~~~~~~~~~~^^^^^^^^^^^^^^^^^^^^^^^^^^^^^^^^^^
UnicodeEncodeError: 'charmap' codec can't encode character '\U0001f604' in position 36: character maps to <undefined>
2026-02-20 01:11:29,844 - INFO - Found 3 pending task(s)
2026-02-20 01:11:29,845 - INFO - Task #1 (email): Urgent Based
2026-02-20 01:11:29,845 - INFO - Task #2 (email): Urgent Based
2026-02-20 01:11:29,845 - ERROR - Error processing queue: 'charmap' codec can't encode character '\U0001f604' in position 36: character maps to <undefined>
Traceback (most recent call last):
  File "C:\Users\USER\Desktop\hackathon-0\scripts\orchestrator.py", line 209, in main
    QUEUE_FILE.parent.mkdir(parents=True, exist_ok=True)
            ^^^^^^^^^^^^^^^^^^^^
  File "C:\Users\USER\Desktop\hackathon-0\scripts\orchestrator.py", line 169, in process_tasks
    file_path = task.get('file_path', 'No file')
    ^^^^^^^^^^^^^^^^^^^^^^^^^^
  File "C:\Users\USER\AppData\Local\Programs\Python\Python313\Lib\encodings\cp1252.py", line 19, in encode
    return codecs.charmap_encode(input,self.errors,encoding_table)[0]
           ~~~~~~~~~~~~~~~~~~~~~^^^^^^^^^^^^^^^^^^^^^^^^^^^^^^^^^^
UnicodeEncodeError: 'charmap' codec can't encode character '\U0001f604' in position 36: character maps to <undefined>
2026-02-20 01:11:59,850 - INFO - Found 3 pending task(s)
2026-02-20 01:11:59,851 - INFO - Task #1 (email): Urgent Based
2026-02-20 01:11:59,851 - INFO - Task #2 (email): Urgent Based
2026-02-20 01:11:59,851 - ERROR - Error processing queue: 'charmap' codec can't encode character '\U0001f604' in position 36: character maps to <undefined>
Traceback (most recent call last):
  File "C:\Users\USER\Desktop\hackathon-0\scripts\orchestrator.py", line 209, in main
    QUEUE_FILE.parent.mkdir(parents=True, exist_ok=True)
            ^^^^^^^^^^^^^^^^^^^^
  File "C:\Users\USER\Desktop\hackathon-0\scripts\orchestrator.py", line 169, in process_tasks
    file_path = task.get('file_path', 'No file')
    ^^^^^^^^^^^^^^^^^^^^^^^^^^
  File "C:\Users\USER\AppData\Local\Programs\Python\Python313\Lib\encodings\cp1252.py", line 19, in encode
    return codecs.charmap_encode(input,self.errors,encoding_table)[0]
           ~~~~~~~~~~~~~~~~~~~~~^^^^^^^^^^^^^^^^^^^^^^^^^^^^^^^^^^
UnicodeEncodeError: 'charmap' codec can't encode character '\U0001f604' in position 36: character maps to <undefined>
2026-02-20 01:12:29,857 - INFO - Found 3 pending task(s)
2026-02-20 01:12:29,857 - INFO - Task #1 (email): Urgent Based
2026-02-20 01:12:29,858 - INFO - Task #2 (email): Urgent Based
2026-02-20 01:12:29,858 - ERROR - Error processing queue: 'charmap' codec can't encode character '\U0001f604' in position 36: character maps to <undefined>
Traceback (most recent call last):
  File "C:\Users\USER\Desktop\hackathon-0\scripts\orchestrator.py", line 209, in main
    QUEUE_FILE.parent.mkdir(parents=True, exist_ok=True)
            ^^^^^^^^^^^^^^^^^^^^
  File "C:\Users\USER\Desktop\hackathon-0\scripts\orchestrator.py", line 169, in process_tasks
    file_path = task.get('file_path', 'No file')
    ^^^^^^^^^^^^^^^^^^^^^^^^^^
  File "C:\Users\USER\AppData\Local\Programs\Python\Python313\Lib\encodings\cp1252.py", line 19, in encode
    return codecs.charmap_encode(input,self.errors,encoding_table)[0]
           ~~~~~~~~~~~~~~~~~~~~~^^^^^^^^^^^^^^^^^^^^^^^^^^^^^^^^^^
UnicodeEncodeError: 'charmap' codec can't encode character '\U0001f604' in position 36: character maps to <undefined>
2026-02-20 01:12:59,864 - INFO - Found 3 pending task(s)
2026-02-20 01:12:59,865 - INFO - Task #1 (email): Urgent Based
2026-02-20 01:12:59,866 - INFO - Task #2 (email): Urgent Based
2026-02-20 01:12:59,867 - ERROR - Error processing queue: 'charmap' codec can't encode character '\U0001f604' in position 36: character maps to <undefined>
Traceback (most recent call last):
  File "C:\Users\USER\Desktop\hackathon-0\scripts\orchestrator.py", line 209, in main
    QUEUE_FILE.parent.mkdir(parents=True, exist_ok=True)
            ^^^^^^^^^^^^^^^^^^^^
  File "C:\Users\USER\Desktop\hackathon-0\scripts\orchestrator.py", line 169, in process_tasks
    file_path = task.get('file_path', 'No file')
    ^^^^^^^^^^^^^^^^^^^^^^^^^^
  File "C:\Users\USER\AppData\Local\Programs\Python\Python313\Lib\encodings\cp1252.py", line 19, in encode
    return codecs.charmap_encode(input,self.errors,encoding_table)[0]
           ~~~~~~~~~~~~~~~~~~~~~^^^^^^^^^^^^^^^^^^^^^^^^^^^^^^^^^^
UnicodeEncodeError: 'charmap' codec can't encode character '\U0001f604' in position 36: character maps to <undefined>
2026-02-20 01:13:29,874 - INFO - Found 3 pending task(s)
2026-02-20 01:13:29,874 - INFO - Task #1 (email): Urgent Based
2026-02-20 01:13:29,875 - INFO - Task #2 (email): Urgent Based
2026-02-20 01:13:29,875 - ERROR - Error processing queue: 'charmap' codec can't encode character '\U0001f604' in position 36: character maps to <undefined>
Traceback (most recent call last):
  File "C:\Users\USER\Desktop\hackathon-0\scripts\orchestrator.py", line 209, in main
    QUEUE_FILE.parent.mkdir(parents=True, exist_ok=True)
            ^^^^^^^^^^^^^^^^^^^^
  File "C:\Users\USER\Desktop\hackathon-0\scripts\orchestrator.py", line 169, in process_tasks
    file_path = task.get('file_path', 'No file')
    ^^^^^^^^^^^^^^^^^^^^^^^^^^
  File "C:\Users\USER\AppData\Local\Programs\Python\Python313\Lib\encodings\cp1252.py", line 19, in encode
    return codecs.charmap_encode(input,self.errors,encoding_table)[0]
           ~~~~~~~~~~~~~~~~~~~~~^^^^^^^^^^^^^^^^^^^^^^^^^^^^^^^^^^
UnicodeEncodeError: 'charmap' codec can't encode character '\U0001f604' in position 36: character maps to <undefined>
2026-02-20 01:13:59,885 - INFO - Found 3 pending task(s)
2026-02-20 01:13:59,885 - INFO - Task #1 (email): Urgent Based
2026-02-20 01:13:59,885 - INFO - Task #2 (email): Urgent Based
2026-02-20 01:13:59,885 - ERROR - Error processing queue: 'charmap' codec can't encode character '\U0001f604' in position 36: character maps to <undefined>
Traceback (most recent call last):
  File "C:\Users\USER\Desktop\hackathon-0\scripts\orchestrator.py", line 209, in main
    QUEUE_FILE.parent.mkdir(parents=True, exist_ok=True)
            ^^^^^^^^^^^^^^^^^^^^
  File "C:\Users\USER\Desktop\hackathon-0\scripts\orchestrator.py", line 169, in process_tasks
    file_path = task.get('file_path', 'No file')
    ^^^^^^^^^^^^^^^^^^^^^^^^^^
  File "C:\Users\USER\AppData\Local\Programs\Python\Python313\Lib\encodings\cp1252.py", line 19, in encode
    return codecs.charmap_encode(input,self.errors,encoding_table)[0]
           ~~~~~~~~~~~~~~~~~~~~~^^^^^^^^^^^^^^^^^^^^^^^^^^^^^^^^^^
UnicodeEncodeError: 'charmap' codec can't encode character '\U0001f604' in position 36: character maps to <undefined>
2026-02-20 01:14:29,888 - INFO - Found 3 pending task(s)
2026-02-20 01:14:29,888 - INFO - Task #1 (email): Urgent Based
2026-02-20 01:14:29,890 - INFO - Task #2 (email): Urgent Based
2026-02-20 01:14:29,892 - ERROR - Error processing queue: 'charmap' codec can't encode character '\U0001f604' in position 36: character maps to <undefined>
Traceback (most recent call last):
  File "C:\Users\USER\Desktop\hackathon-0\scripts\orchestrator.py", line 209, in main
    QUEUE_FILE.parent.mkdir(parents=True, exist_ok=True)
            ^^^^^^^^^^^^^^^^^^^^
  File "C:\Users\USER\Desktop\hackathon-0\scripts\orchestrator.py", line 169, in process_tasks
    file_path = task.get('file_path', 'No file')
    ^^^^^^^^^^^^^^^^^^^^^^^^^^
  File "C:\Users\USER\AppData\Local\Programs\Python\Python313\Lib\encodings\cp1252.py", line 19, in encode
    return codecs.charmap_encode(input,self.errors,encoding_table)[0]
           ~~~~~~~~~~~~~~~~~~~~~^^^^^^^^^^^^^^^^^^^^^^^^^^^^^^^^^^
UnicodeEncodeError: 'charmap' codec can't encode character '\U0001f604' in position 36: character maps to <undefined>
2026-02-20 01:14:59,901 - INFO - Found 3 pending task(s)
2026-02-20 01:14:59,903 - INFO - Task #1 (email): Urgent Based
2026-02-20 01:14:59,912 - INFO - Task #2 (email): Urgent Based
2026-02-20 01:14:59,913 - ERROR - Error processing queue: 'charmap' codec can't encode character '\U0001f604' in position 36: character maps to <undefined>
Traceback (most recent call last):
  File "C:\Users\USER\Desktop\hackathon-0\scripts\orchestrator.py", line 209, in main
    QUEUE_FILE.parent.mkdir(parents=True, exist_ok=True)
            ^^^^^^^^^^^^^^^^^^^^
  File "C:\Users\USER\Desktop\hackathon-0\scripts\orchestrator.py", line 169, in process_tasks
    file_path = task.get('file_path', 'No file')
    ^^^^^^^^^^^^^^^^^^^^^^^^^^
  File "C:\Users\USER\AppData\Local\Programs\Python\Python313\Lib\encodings\cp1252.py", line 19, in encode
    return codecs.charmap_encode(input,self.errors,encoding_table)[0]
           ~~~~~~~~~~~~~~~~~~~~~^^^^^^^^^^^^^^^^^^^^^^^^^^^^^^^^^^
UnicodeEncodeError: 'charmap' codec can't encode character '\U0001f604' in position 36: character maps to <undefined>
2026-02-20 01:15:29,921 - INFO - Found 3 pending task(s)
2026-02-20 01:15:29,921 - INFO - Task #1 (email): Urgent Based
2026-02-20 01:15:29,921 - INFO - Task #2 (email): Urgent Based
2026-02-20 01:15:29,922 - ERROR - Error processing queue: 'charmap' codec can't encode character '\U0001f604' in position 36: character maps to <undefined>
Traceback (most recent call last):
  File "C:\Users\USER\Desktop\hackathon-0\scripts\orchestrator.py", line 209, in main
    QUEUE_FILE.parent.mkdir(parents=True, exist_ok=True)
            ^^^^^^^^^^^^^^^^^^^^
  File "C:\Users\USER\Desktop\hackathon-0\scripts\orchestrator.py", line 169, in process_tasks
    file_path = task.get('file_path', 'No file')
    ^^^^^^^^^^^^^^^^^^^^^^^^^^
  File "C:\Users\USER\AppData\Local\Programs\Python\Python313\Lib\encodings\cp1252.py", line 19, in encode
    return codecs.charmap_encode(input,self.errors,encoding_table)[0]
           ~~~~~~~~~~~~~~~~~~~~~^^^^^^^^^^^^^^^^^^^^^^^^^^^^^^^^^^
UnicodeEncodeError: 'charmap' codec can't encode character '\U0001f604' in position 36: character maps to <undefined>
2026-02-20 01:15:59,927 - INFO - Found 3 pending task(s)
2026-02-20 01:15:59,928 - INFO - Task #1 (email): Urgent Based
2026-02-20 01:15:59,928 - INFO - Task #2 (email): Urgent Based
2026-02-20 01:15:59,929 - ERROR - Error processing queue: 'charmap' codec can't encode character '\U0001f604' in position 36: character maps to <undefined>
Traceback (most recent call last):
  File "C:\Users\USER\Desktop\hackathon-0\scripts\orchestrator.py", line 209, in main
    QUEUE_FILE.parent.mkdir(parents=True, exist_ok=True)
            ^^^^^^^^^^^^^^^^^^^^
  File "C:\Users\USER\Desktop\hackathon-0\scripts\orchestrator.py", line 169, in process_tasks
    file_path = task.get('file_path', 'No file')
    ^^^^^^^^^^^^^^^^^^^^^^^^^^
  File "C:\Users\USER\AppData\Local\Programs\Python\Python313\Lib\encodings\cp1252.py", line 19, in encode
    return codecs.charmap_encode(input,self.errors,encoding_table)[0]
           ~~~~~~~~~~~~~~~~~~~~~^^^^^^^^^^^^^^^^^^^^^^^^^^^^^^^^^^
UnicodeEncodeError: 'charmap' codec can't encode character '\U0001f604' in position 36: character maps to <undefined>
2026-02-20 01:16:29,934 - INFO - Found 3 pending task(s)
2026-02-20 01:16:29,935 - INFO - Task #1 (email): Urgent Based
2026-02-20 01:16:29,935 - INFO - Task #2 (email): Urgent Based
2026-02-20 01:16:29,936 - ERROR - Error processing queue: 'charmap' codec can't encode character '\U0001f604' in position 36: character maps to <undefined>
Traceback (most recent call last):
  File "C:\Users\USER\Desktop\hackathon-0\scripts\orchestrator.py", line 209, in main
    QUEUE_FILE.parent.mkdir(parents=True, exist_ok=True)
            ^^^^^^^^^^^^^^^^^^^^
  File "C:\Users\USER\Desktop\hackathon-0\scripts\orchestrator.py", line 169, in process_tasks
    file_path = task.get('file_path', 'No file')
    ^^^^^^^^^^^^^^^^^^^^^^^^^^
  File "C:\Users\USER\AppData\Local\Programs\Python\Python313\Lib\encodings\cp1252.py", line 19, in encode
    return codecs.charmap_encode(input,self.errors,encoding_table)[0]
           ~~~~~~~~~~~~~~~~~~~~~^^^^^^^^^^^^^^^^^^^^^^^^^^^^^^^^^^
UnicodeEncodeError: 'charmap' codec can't encode character '\U0001f604' in position 36: character maps to <undefined>
2026-02-20 01:16:59,940 - INFO - Found 3 pending task(s)
2026-02-20 01:16:59,940 - INFO - Task #1 (email): Urgent Based
2026-02-20 01:16:59,941 - INFO - Task #2 (email): Urgent Based
2026-02-20 01:16:59,941 - ERROR - Error processing queue: 'charmap' codec can't encode character '\U0001f604' in position 36: character maps to <undefined>
Traceback (most recent call last):
  File "C:\Users\USER\Desktop\hackathon-0\scripts\orchestrator.py", line 209, in main
    QUEUE_FILE.parent.mkdir(parents=True, exist_ok=True)
            ^^^^^^^^^^^^^^^^^^^^
  File "C:\Users\USER\Desktop\hackathon-0\scripts\orchestrator.py", line 169, in process_tasks
    file_path = task.get('file_path', 'No file')
    ^^^^^^^^^^^^^^^^^^^^^^^^^^
  File "C:\Users\USER\AppData\Local\Programs\Python\Python313\Lib\encodings\cp1252.py", line 19, in encode
    return codecs.charmap_encode(input,self.errors,encoding_table)[0]
           ~~~~~~~~~~~~~~~~~~~~~^^^^^^^^^^^^^^^^^^^^^^^^^^^^^^^^^^
UnicodeEncodeError: 'charmap' codec can't encode character '\U0001f604' in position 36: character maps to <undefined>
2026-02-20 01:17:29,945 - INFO - Found 3 pending task(s)
2026-02-20 01:17:29,946 - INFO - Task #1 (email): Urgent Based
2026-02-20 01:17:29,946 - INFO - Task #2 (email): Urgent Based
2026-02-20 01:17:29,947 - ERROR - Error processing queue: 'charmap' codec can't encode character '\U0001f604' in position 36: character maps to <undefined>
Traceback (most recent call last):
  File "C:\Users\USER\Desktop\hackathon-0\scripts\orchestrator.py", line 209, in main
    QUEUE_FILE.parent.mkdir(parents=True, exist_ok=True)
            ^^^^^^^^^^^^^^^^^^^^
  File "C:\Users\USER\Desktop\hackathon-0\scripts\orchestrator.py", line 169, in process_tasks
    file_path = task.get('file_path', 'No file')
    ^^^^^^^^^^^^^^^^^^^^^^^^^^
  File "C:\Users\USER\AppData\Local\Programs\Python\Python313\Lib\encodings\cp1252.py", line 19, in encode
    return codecs.charmap_encode(input,self.errors,encoding_table)[0]
           ~~~~~~~~~~~~~~~~~~~~~^^^^^^^^^^^^^^^^^^^^^^^^^^^^^^^^^^
UnicodeEncodeError: 'charmap' codec can't encode character '\U0001f604' in position 36: character maps to <undefined>
2026-02-20 01:17:59,951 - INFO - Found 3 pending task(s)
2026-02-20 01:17:59,952 - INFO - Task #1 (email): Urgent Based
2026-02-20 01:17:59,952 - INFO - Task #2 (email): Urgent Based
2026-02-20 01:17:59,953 - ERROR - Error processing queue: 'charmap' codec can't encode character '\U0001f604' in position 36: character maps to <undefined>
Traceback (most recent call last):
  File "C:\Users\USER\Desktop\hackathon-0\scripts\orchestrator.py", line 209, in main
    QUEUE_FILE.parent.mkdir(parents=True, exist_ok=True)
            ^^^^^^^^^^^^^^^^^^^^
  File "C:\Users\USER\Desktop\hackathon-0\scripts\orchestrator.py", line 169, in process_tasks
    file_path = task.get('file_path', 'No file')
    ^^^^^^^^^^^^^^^^^^^^^^^^^^
  File "C:\Users\USER\AppData\Local\Programs\Python\Python313\Lib\encodings\cp1252.py", line 19, in encode
    return codecs.charmap_encode(input,self.errors,encoding_table)[0]
           ~~~~~~~~~~~~~~~~~~~~~^^^^^^^^^^^^^^^^^^^^^^^^^^^^^^^^^^
UnicodeEncodeError: 'charmap' codec can't encode character '\U0001f604' in position 36: character maps to <undefined>
2026-02-20 01:18:29,964 - INFO - Found 3 pending task(s)
2026-02-20 01:18:29,965 - INFO - Task #1 (email): Urgent Based
2026-02-20 01:18:29,965 - INFO - Task #2 (email): Urgent Based
2026-02-20 01:18:29,971 - ERROR - Error processing queue: 'charmap' codec can't encode character '\U0001f604' in position 36: character maps to <undefined>
Traceback (most recent call last):
  File "C:\Users\USER\Desktop\hackathon-0\scripts\orchestrator.py", line 209, in main
    QUEUE_FILE.parent.mkdir(parents=True, exist_ok=True)
            ^^^^^^^^^^^^^^^^^^^^
  File "C:\Users\USER\Desktop\hackathon-0\scripts\orchestrator.py", line 169, in process_tasks
    file_path = task.get('file_path', 'No file')
    ^^^^^^^^^^^^^^^^^^^^^^^^^^
  File "C:\Users\USER\AppData\Local\Programs\Python\Python313\Lib\encodings\cp1252.py", line 19, in encode
    return codecs.charmap_encode(input,self.errors,encoding_table)[0]
           ~~~~~~~~~~~~~~~~~~~~~^^^^^^^^^^^^^^^^^^^^^^^^^^^^^^^^^^
UnicodeEncodeError: 'charmap' codec can't encode character '\U0001f604' in position 36: character maps to <undefined>
2026-02-20 01:18:59,978 - INFO - Found 3 pending task(s)
2026-02-20 01:18:59,979 - INFO - Task #1 (email): Urgent Based
2026-02-20 01:18:59,979 - INFO - Task #2 (email): Urgent Based
2026-02-20 01:18:59,979 - ERROR - Error processing queue: 'charmap' codec can't encode character '\U0001f604' in position 36: character maps to <undefined>
Traceback (most recent call last):
  File "C:\Users\USER\Desktop\hackathon-0\scripts\orchestrator.py", line 209, in main
    QUEUE_FILE.parent.mkdir(parents=True, exist_ok=True)
            ^^^^^^^^^^^^^^^^^^^^
  File "C:\Users\USER\Desktop\hackathon-0\scripts\orchestrator.py", line 169, in process_tasks
    file_path = task.get('file_path', 'No file')
    ^^^^^^^^^^^^^^^^^^^^^^^^^^
  File "C:\Users\USER\AppData\Local\Programs\Python\Python313\Lib\encodings\cp1252.py", line 19, in encode
    return codecs.charmap_encode(input,self.errors,encoding_table)[0]
           ~~~~~~~~~~~~~~~~~~~~~^^^^^^^^^^^^^^^^^^^^^^^^^^^^^^^^^^
UnicodeEncodeError: 'charmap' codec can't encode character '\U0001f604' in position 36: character maps to <undefined>
2026-02-20 01:19:29,985 - INFO - Found 3 pending task(s)
2026-02-20 01:19:29,985 - INFO - Task #1 (email): Urgent Based
2026-02-20 01:19:29,986 - INFO - Task #2 (email): Urgent Based
2026-02-20 01:19:29,986 - ERROR - Error processing queue: 'charmap' codec can't encode character '\U0001f604' in position 36: character maps to <undefined>
Traceback (most recent call last):
  File "C:\Users\USER\Desktop\hackathon-0\scripts\orchestrator.py", line 209, in main
    QUEUE_FILE.parent.mkdir(parents=True, exist_ok=True)
            ^^^^^^^^^^^^^^^^^^^^
  File "C:\Users\USER\Desktop\hackathon-0\scripts\orchestrator.py", line 169, in process_tasks
    file_path = task.get('file_path', 'No file')
    ^^^^^^^^^^^^^^^^^^^^^^^^^^
  File "C:\Users\USER\AppData\Local\Programs\Python\Python313\Lib\encodings\cp1252.py", line 19, in encode
    return codecs.charmap_encode(input,self.errors,encoding_table)[0]
           ~~~~~~~~~~~~~~~~~~~~~^^^^^^^^^^^^^^^^^^^^^^^^^^^^^^^^^^
UnicodeEncodeError: 'charmap' codec can't encode character '\U0001f604' in position 36: character maps to <undefined>
2026-02-20 01:19:59,990 - INFO - Found 3 pending task(s)
2026-02-20 01:19:59,991 - INFO - Task #1 (email): Urgent Based
2026-02-20 01:19:59,991 - INFO - Task #2 (email): Urgent Based
2026-02-20 01:19:59,991 - ERROR - Error processing queue: 'charmap' codec can't encode character '\U0001f604' in position 36: character maps to <undefined>
Traceback (most recent call last):
  File "C:\Users\USER\Desktop\hackathon-0\scripts\orchestrator.py", line 209, in main
    QUEUE_FILE.parent.mkdir(parents=True, exist_ok=True)
            ^^^^^^^^^^^^^^^^^^^^
  File "C:\Users\USER\Desktop\hackathon-0\scripts\orchestrator.py", line 169, in process_tasks
    file_path = task.get('file_path', 'No file')
    ^^^^^^^^^^^^^^^^^^^^^^^^^^
  File "C:\Users\USER\AppData\Local\Programs\Python\Python313\Lib\encodings\cp1252.py", line 19, in encode
    return codecs.charmap_encode(input,self.errors,encoding_table)[0]
           ~~~~~~~~~~~~~~~~~~~~~^^^^^^^^^^^^^^^^^^^^^^^^^^^^^^^^^^
UnicodeEncodeError: 'charmap' codec can't encode character '\U0001f604' in position 36: character maps to <undefined>
2026-02-20 01:20:29,995 - INFO - Found 3 pending task(s)
2026-02-20 01:20:29,996 - INFO - Task #1 (email): Urgent Based
2026-02-20 01:20:29,996 - INFO - Task #2 (email): Urgent Based
2026-02-20 01:20:29,997 - ERROR - Error processing queue: 'charmap' codec can't encode character '\U0001f604' in position 36: character maps to <undefined>
Traceback (most recent call last):
  File "C:\Users\USER\Desktop\hackathon-0\scripts\orchestrator.py", line 209, in main
    QUEUE_FILE.parent.mkdir(parents=True, exist_ok=True)
            ^^^^^^^^^^^^^^^^^^^^
  File "C:\Users\USER\Desktop\hackathon-0\scripts\orchestrator.py", line 169, in process_tasks
    file_path = task.get('file_path', 'No file')
    ^^^^^^^^^^^^^^^^^^^^^^^^^^
  File "C:\Users\USER\AppData\Local\Programs\Python\Python313\Lib\encodings\cp1252.py", line 19, in encode
    return codecs.charmap_encode(input,self.errors,encoding_table)[0]
           ~~~~~~~~~~~~~~~~~~~~~^^^^^^^^^^^^^^^^^^^^^^^^^^^^^^^^^^
UnicodeEncodeError: 'charmap' codec can't encode character '\U0001f604' in position 36: character maps to <undefined>
2026-02-20 01:21:00,001 - INFO - Found 3 pending task(s)
2026-02-20 01:21:00,002 - INFO - Task #1 (email): Urgent Based
2026-02-20 01:21:00,002 - INFO - Task #2 (email): Urgent Based
2026-02-20 01:21:00,003 - ERROR - Error processing queue: 'charmap' codec can't encode character '\U0001f604' in position 36: character maps to <undefined>
Traceback (most recent call last):
  File "C:\Users\USER\Desktop\hackathon-0\scripts\orchestrator.py", line 209, in main
    QUEUE_FILE.parent.mkdir(parents=True, exist_ok=True)
            ^^^^^^^^^^^^^^^^^^^^
  File "C:\Users\USER\Desktop\hackathon-0\scripts\orchestrator.py", line 169, in process_tasks
    file_path = task.get('file_path', 'No file')
    ^^^^^^^^^^^^^^^^^^^^^^^^^^
  File "C:\Users\USER\AppData\Local\Programs\Python\Python313\Lib\encodings\cp1252.py", line 19, in encode
    return codecs.charmap_encode(input,self.errors,encoding_table)[0]
           ~~~~~~~~~~~~~~~~~~~~~^^^^^^^^^^^^^^^^^^^^^^^^^^^^^^^^^^
UnicodeEncodeError: 'charmap' codec can't encode character '\U0001f604' in position 36: character maps to <undefined>
2026-02-20 01:21:30,007 - INFO - Found 3 pending task(s)
2026-02-20 01:21:30,007 - INFO - Task #1 (email): Urgent Based
2026-02-20 01:21:30,008 - INFO - Task #2 (email): Urgent Based
2026-02-20 01:21:30,008 - ERROR - Error processing queue: 'charmap' codec can't encode character '\U0001f604' in position 36: character maps to <undefined>
Traceback (most recent call last):
  File "C:\Users\USER\Desktop\hackathon-0\scripts\orchestrator.py", line 209, in main
    QUEUE_FILE.parent.mkdir(parents=True, exist_ok=True)
            ^^^^^^^^^^^^^^^^^^^^
  File "C:\Users\USER\Desktop\hackathon-0\scripts\orchestrator.py", line 169, in process_tasks
    file_path = task.get('file_path', 'No file')
    ^^^^^^^^^^^^^^^^^^^^^^^^^^
  File "C:\Users\USER\AppData\Local\Programs\Python\Python313\Lib\encodings\cp1252.py", line 19, in encode
    return codecs.charmap_encode(input,self.errors,encoding_table)[0]
           ~~~~~~~~~~~~~~~~~~~~~^^^^^^^^^^^^^^^^^^^^^^^^^^^^^^^^^^
UnicodeEncodeError: 'charmap' codec can't encode character '\U0001f604' in position 36: character maps to <undefined>
2026-02-20 01:22:00,025 - INFO - Found 3 pending task(s)
2026-02-20 01:22:00,026 - INFO - Task #1 (email): Urgent Based
2026-02-20 01:22:00,027 - INFO - Task #2 (email): Urgent Based
2026-02-20 01:22:00,027 - ERROR - Error processing queue: 'charmap' codec can't encode character '\U0001f604' in position 36: character maps to <undefined>
Traceback (most recent call last):
  File "C:\Users\USER\Desktop\hackathon-0\scripts\orchestrator.py", line 209, in main
    QUEUE_FILE.parent.mkdir(parents=True, exist_ok=True)
            ^^^^^^^^^^^^^^^^^^^^
  File "C:\Users\USER\Desktop\hackathon-0\scripts\orchestrator.py", line 169, in process_tasks
    file_path = task.get('file_path', 'No file')
    ^^^^^^^^^^^^^^^^^^^^^^^^^^
  File "C:\Users\USER\AppData\Local\Programs\Python\Python313\Lib\encodings\cp1252.py", line 19, in encode
    return codecs.charmap_encode(input,self.errors,encoding_table)[0]
           ~~~~~~~~~~~~~~~~~~~~~^^^^^^^^^^^^^^^^^^^^^^^^^^^^^^^^^^
UnicodeEncodeError: 'charmap' codec can't encode character '\U0001f604' in position 36: character maps to <undefined>
2026-02-20 01:22:30,041 - INFO - Found 3 pending task(s)
2026-02-20 01:22:30,041 - INFO - Task #1 (email): Urgent Based
2026-02-20 01:22:30,041 - INFO - Task #2 (email): Urgent Based
2026-02-20 01:22:30,042 - ERROR - Error processing queue: 'charmap' codec can't encode character '\U0001f604' in position 36: character maps to <undefined>
Traceback (most recent call last):
  File "C:\Users\USER\Desktop\hackathon-0\scripts\orchestrator.py", line 209, in main
    QUEUE_FILE.parent.mkdir(parents=True, exist_ok=True)
            ^^^^^^^^^^^^^^^^^^^^
  File "C:\Users\USER\Desktop\hackathon-0\scripts\orchestrator.py", line 169, in process_tasks
    file_path = task.get('file_path', 'No file')
    ^^^^^^^^^^^^^^^^^^^^^^^^^^
  File "C:\Users\USER\AppData\Local\Programs\Python\Python313\Lib\encodings\cp1252.py", line 19, in encode
    return codecs.charmap_encode(input,self.errors,encoding_table)[0]
           ~~~~~~~~~~~~~~~~~~~~~^^^^^^^^^^^^^^^^^^^^^^^^^^^^^^^^^^
UnicodeEncodeError: 'charmap' codec can't encode character '\U0001f604' in position 36: character maps to <undefined>
2026-02-20 01:23:00,046 - INFO - Found 3 pending task(s)
2026-02-20 01:23:00,046 - INFO - Task #1 (email): Urgent Based
2026-02-20 01:23:00,046 - INFO - Task #2 (email): Urgent Based
2026-02-20 01:23:00,046 - ERROR - Error processing queue: 'charmap' codec can't encode character '\U0001f604' in position 36: character maps to <undefined>
Traceback (most recent call last):
  File "C:\Users\USER\Desktop\hackathon-0\scripts\orchestrator.py", line 209, in main
    QUEUE_FILE.parent.mkdir(parents=True, exist_ok=True)
            ^^^^^^^^^^^^^^^^^^^^
  File "C:\Users\USER\Desktop\hackathon-0\scripts\orchestrator.py", line 169, in process_tasks
    file_path = task.get('file_path', 'No file')
    ^^^^^^^^^^^^^^^^^^^^^^^^^^
  File "C:\Users\USER\AppData\Local\Programs\Python\Python313\Lib\encodings\cp1252.py", line 19, in encode
    return codecs.charmap_encode(input,self.errors,encoding_table)[0]
           ~~~~~~~~~~~~~~~~~~~~~^^^^^^^^^^^^^^^^^^^^^^^^^^^^^^^^^^
UnicodeEncodeError: 'charmap' codec can't encode character '\U0001f604' in position 36: character maps to <undefined>
2026-02-20 01:23:30,049 - INFO - Found 3 pending task(s)
2026-02-20 01:23:30,050 - INFO - Task #1 (email): Urgent Based
2026-02-20 01:23:30,050 - INFO - Task #2 (email): Urgent Based
2026-02-20 01:23:30,051 - ERROR - Error processing queue: 'charmap' codec can't encode character '\U0001f604' in position 36: character maps to <undefined>
Traceback (most recent call last):
  File "C:\Users\USER\Desktop\hackathon-0\scripts\orchestrator.py", line 209, in main
    QUEUE_FILE.parent.mkdir(parents=True, exist_ok=True)
            ^^^^^^^^^^^^^^^^^^^^
  File "C:\Users\USER\Desktop\hackathon-0\scripts\orchestrator.py", line 169, in process_tasks
    file_path = task.get('file_path', 'No file')
    ^^^^^^^^^^^^^^^^^^^^^^^^^^
  File "C:\Users\USER\AppData\Local\Programs\Python\Python313\Lib\encodings\cp1252.py", line 19, in encode
    return codecs.charmap_encode(input,self.errors,encoding_table)[0]
           ~~~~~~~~~~~~~~~~~~~~~^^^^^^^^^^^^^^^^^^^^^^^^^^^^^^^^^^
UnicodeEncodeError: 'charmap' codec can't encode character '\U0001f604' in position 36: character maps to <undefined>
2026-02-20 01:24:00,056 - INFO - Found 3 pending task(s)
2026-02-20 01:24:00,057 - INFO - Task #1 (email): Urgent Based
2026-02-20 01:24:00,057 - INFO - Task #2 (email): Urgent Based
2026-02-20 01:24:00,058 - ERROR - Error processing queue: 'charmap' codec can't encode character '\U0001f604' in position 36: character maps to <undefined>
Traceback (most recent call last):
  File "C:\Users\USER\Desktop\hackathon-0\scripts\orchestrator.py", line 209, in main
    QUEUE_FILE.parent.mkdir(parents=True, exist_ok=True)
            ^^^^^^^^^^^^^^^^^^^^
  File "C:\Users\USER\Desktop\hackathon-0\scripts\orchestrator.py", line 169, in process_tasks
    file_path = task.get('file_path', 'No file')
    ^^^^^^^^^^^^^^^^^^^^^^^^^^
  File "C:\Users\USER\AppData\Local\Programs\Python\Python313\Lib\encodings\cp1252.py", line 19, in encode
    return codecs.charmap_encode(input,self.errors,encoding_table)[0]
           ~~~~~~~~~~~~~~~~~~~~~^^^^^^^^^^^^^^^^^^^^^^^^^^^^^^^^^^
UnicodeEncodeError: 'charmap' codec can't encode character '\U0001f604' in position 36: character maps to <undefined>
2026-02-20 01:24:30,063 - INFO - Found 3 pending task(s)
2026-02-20 01:24:30,063 - INFO - Task #1 (email): Urgent Based
2026-02-20 01:24:30,064 - INFO - Task #2 (email): Urgent Based
2026-02-20 01:24:30,064 - ERROR - Error processing queue: 'charmap' codec can't encode character '\U0001f604' in position 36: character maps to <undefined>
Traceback (most recent call last):
  File "C:\Users\USER\Desktop\hackathon-0\scripts\orchestrator.py", line 209, in main
    QUEUE_FILE.parent.mkdir(parents=True, exist_ok=True)
            ^^^^^^^^^^^^^^^^^^^^
  File "C:\Users\USER\Desktop\hackathon-0\scripts\orchestrator.py", line 169, in process_tasks
    file_path = task.get('file_path', 'No file')
    ^^^^^^^^^^^^^^^^^^^^^^^^^^
  File "C:\Users\USER\AppData\Local\Programs\Python\Python313\Lib\encodings\cp1252.py", line 19, in encode
    return codecs.charmap_encode(input,self.errors,encoding_table)[0]
           ~~~~~~~~~~~~~~~~~~~~~^^^^^^^^^^^^^^^^^^^^^^^^^^^^^^^^^^
UnicodeEncodeError: 'charmap' codec can't encode character '\U0001f604' in position 36: character maps to <undefined>
2026-02-20 01:25:00,071 - INFO - Found 3 pending task(s)
2026-02-20 01:25:00,071 - INFO - Task #1 (email): Urgent Based
2026-02-20 01:25:00,071 - INFO - Task #2 (email): Urgent Based
2026-02-20 01:25:00,072 - ERROR - Error processing queue: 'charmap' codec can't encode character '\U0001f604' in position 36: character maps to <undefined>
Traceback (most recent call last):
  File "C:\Users\USER\Desktop\hackathon-0\scripts\orchestrator.py", line 209, in main
    QUEUE_FILE.parent.mkdir(parents=True, exist_ok=True)
            ^^^^^^^^^^^^^^^^^^^^
  File "C:\Users\USER\Desktop\hackathon-0\scripts\orchestrator.py", line 169, in process_tasks
    file_path = task.get('file_path', 'No file')
    ^^^^^^^^^^^^^^^^^^^^^^^^^^
  File "C:\Users\USER\AppData\Local\Programs\Python\Python313\Lib\encodings\cp1252.py", line 19, in encode
    return codecs.charmap_encode(input,self.errors,encoding_table)[0]
           ~~~~~~~~~~~~~~~~~~~~~^^^^^^^^^^^^^^^^^^^^^^^^^^^^^^^^^^
UnicodeEncodeError: 'charmap' codec can't encode character '\U0001f604' in position 36: character maps to <undefined>
2026-02-20 01:25:30,081 - INFO - Found 3 pending task(s)
2026-02-20 01:25:30,082 - INFO - Task #1 (email): Urgent Based
2026-02-20 01:25:30,083 - INFO - Task #2 (email): Urgent Based
2026-02-20 01:25:30,084 - ERROR - Error processing queue: 'charmap' codec can't encode character '\U0001f604' in position 36: character maps to <undefined>
Traceback (most recent call last):
  File "C:\Users\USER\Desktop\hackathon-0\scripts\orchestrator.py", line 209, in main
    QUEUE_FILE.parent.mkdir(parents=True, exist_ok=True)
            ^^^^^^^^^^^^^^^^^^^^
  File "C:\Users\USER\Desktop\hackathon-0\scripts\orchestrator.py", line 169, in process_tasks
    file_path = task.get('file_path', 'No file')
    ^^^^^^^^^^^^^^^^^^^^^^^^^^
  File "C:\Users\USER\AppData\Local\Programs\Python\Python313\Lib\encodings\cp1252.py", line 19, in encode
    return codecs.charmap_encode(input,self.errors,encoding_table)[0]
           ~~~~~~~~~~~~~~~~~~~~~^^^^^^^^^^^^^^^^^^^^^^^^^^^^^^^^^^
UnicodeEncodeError: 'charmap' codec can't encode character '\U0001f604' in position 36: character maps to <undefined>
2026-02-20 01:26:00,094 - INFO - Found 3 pending task(s)
2026-02-20 01:26:00,094 - INFO - Task #1 (email): Urgent Based
2026-02-20 01:26:00,094 - INFO - Task #2 (email): Urgent Based
2026-02-20 01:26:00,094 - ERROR - Error processing queue: 'charmap' codec can't encode character '\U0001f604' in position 36: character maps to <undefined>
Traceback (most recent call last):
  File "C:\Users\USER\Desktop\hackathon-0\scripts\orchestrator.py", line 209, in main
    QUEUE_FILE.parent.mkdir(parents=True, exist_ok=True)
            ^^^^^^^^^^^^^^^^^^^^
  File "C:\Users\USER\Desktop\hackathon-0\scripts\orchestrator.py", line 169, in process_tasks
    file_path = task.get('file_path', 'No file')
    ^^^^^^^^^^^^^^^^^^^^^^^^^^
  File "C:\Users\USER\AppData\Local\Programs\Python\Python313\Lib\encodings\cp1252.py", line 19, in encode
    return codecs.charmap_encode(input,self.errors,encoding_table)[0]
           ~~~~~~~~~~~~~~~~~~~~~^^^^^^^^^^^^^^^^^^^^^^^^^^^^^^^^^^
UnicodeEncodeError: 'charmap' codec can't encode character '\U0001f604' in position 36: character maps to <undefined>
2026-02-20 01:26:30,102 - INFO - Found 3 pending task(s)
2026-02-20 01:26:30,102 - INFO - Task #1 (email): Urgent Based
2026-02-20 01:26:30,103 - INFO - Task #2 (email): Urgent Based
2026-02-20 01:26:30,103 - ERROR - Error processing queue: 'charmap' codec can't encode character '\U0001f604' in position 36: character maps to <undefined>
Traceback (most recent call last):
  File "C:\Users\USER\Desktop\hackathon-0\scripts\orchestrator.py", line 209, in main
    QUEUE_FILE.parent.mkdir(parents=True, exist_ok=True)
            ^^^^^^^^^^^^^^^^^^^^
  File "C:\Users\USER\Desktop\hackathon-0\scripts\orchestrator.py", line 169, in process_tasks
    file_path = task.get('file_path', 'No file')
    ^^^^^^^^^^^^^^^^^^^^^^^^^^
  File "C:\Users\USER\AppData\Local\Programs\Python\Python313\Lib\encodings\cp1252.py", line 19, in encode
    return codecs.charmap_encode(input,self.errors,encoding_table)[0]
           ~~~~~~~~~~~~~~~~~~~~~^^^^^^^^^^^^^^^^^^^^^^^^^^^^^^^^^^
UnicodeEncodeError: 'charmap' codec can't encode character '\U0001f604' in position 36: character maps to <undefined>
2026-02-20 01:27:00,112 - INFO - Found 3 pending task(s)
2026-02-20 01:27:00,112 - INFO - Task #1 (email): Urgent Based
2026-02-20 01:27:00,113 - INFO - Task #2 (email): Urgent Based
2026-02-20 01:27:00,113 - ERROR - Error processing queue: 'charmap' codec can't encode character '\U0001f604' in position 36: character maps to <undefined>
Traceback (most recent call last):
  File "C:\Users\USER\Desktop\hackathon-0\scripts\orchestrator.py", line 209, in main
    QUEUE_FILE.parent.mkdir(parents=True, exist_ok=True)
            ^^^^^^^^^^^^^^^^^^^^
  File "C:\Users\USER\Desktop\hackathon-0\scripts\orchestrator.py", line 169, in process_tasks
    file_path = task.get('file_path', 'No file')
    ^^^^^^^^^^^^^^^^^^^^^^^^^^
  File "C:\Users\USER\AppData\Local\Programs\Python\Python313\Lib\encodings\cp1252.py", line 19, in encode
    return codecs.charmap_encode(input,self.errors,encoding_table)[0]
           ~~~~~~~~~~~~~~~~~~~~~^^^^^^^^^^^^^^^^^^^^^^^^^^^^^^^^^^
UnicodeEncodeError: 'charmap' codec can't encode character '\U0001f604' in position 36: character maps to <undefined>
2026-02-20 01:27:30,120 - INFO - Found 3 pending task(s)
2026-02-20 01:27:30,120 - INFO - Task #1 (email): Urgent Based
2026-02-20 01:27:30,120 - INFO - Task #2 (email): Urgent Based
2026-02-20 01:27:30,120 - ERROR - Error processing queue: 'charmap' codec can't encode character '\U0001f604' in position 36: character maps to <undefined>
Traceback (most recent call last):
  File "C:\Users\USER\Desktop\hackathon-0\scripts\orchestrator.py", line 209, in main
    QUEUE_FILE.parent.mkdir(parents=True, exist_ok=True)
            ^^^^^^^^^^^^^^^^^^^^
  File "C:\Users\USER\Desktop\hackathon-0\scripts\orchestrator.py", line 169, in process_tasks
    file_path = task.get('file_path', 'No file')
    ^^^^^^^^^^^^^^^^^^^^^^^^^^
  File "C:\Users\USER\AppData\Local\Programs\Python\Python313\Lib\encodings\cp1252.py", line 19, in encode
    return codecs.charmap_encode(input,self.errors,encoding_table)[0]
           ~~~~~~~~~~~~~~~~~~~~~^^^^^^^^^^^^^^^^^^^^^^^^^^^^^^^^^^
UnicodeEncodeError: 'charmap' codec can't encode character '\U0001f604' in position 36: character maps to <undefined>
2026-02-20 01:28:00,125 - INFO - Found 3 pending task(s)
2026-02-20 01:28:00,126 - INFO - Task #1 (email): Urgent Based
2026-02-20 01:28:00,126 - INFO - Task #2 (email): Urgent Based
2026-02-20 01:28:00,126 - ERROR - Error processing queue: 'charmap' codec can't encode character '\U0001f604' in position 36: character maps to <undefined>
Traceback (most recent call last):
  File "C:\Users\USER\Desktop\hackathon-0\scripts\orchestrator.py", line 209, in main
    QUEUE_FILE.parent.mkdir(parents=True, exist_ok=True)
            ^^^^^^^^^^^^^^^^^^^^
  File "C:\Users\USER\Desktop\hackathon-0\scripts\orchestrator.py", line 169, in process_tasks
    file_path = task.get('file_path', 'No file')
    ^^^^^^^^^^^^^^^^^^^^^^^^^^
  File "C:\Users\USER\AppData\Local\Programs\Python\Python313\Lib\encodings\cp1252.py", line 19, in encode
    return codecs.charmap_encode(input,self.errors,encoding_table)[0]
           ~~~~~~~~~~~~~~~~~~~~~^^^^^^^^^^^^^^^^^^^^^^^^^^^^^^^^^^
UnicodeEncodeError: 'charmap' codec can't encode character '\U0001f604' in position 36: character maps to <undefined>
2026-02-20 01:28:30,140 - INFO - Found 3 pending task(s)
2026-02-20 01:28:30,141 - INFO - Task #1 (email): Urgent Based
2026-02-20 01:28:30,142 - INFO - Task #2 (email): Urgent Based
2026-02-20 01:28:30,148 - ERROR - Error processing queue: 'charmap' codec can't encode character '\U0001f604' in position 36: character maps to <undefined>
Traceback (most recent call last):
  File "C:\Users\USER\Desktop\hackathon-0\scripts\orchestrator.py", line 209, in main
    QUEUE_FILE.parent.mkdir(parents=True, exist_ok=True)
            ^^^^^^^^^^^^^^^^^^^^
  File "C:\Users\USER\Desktop\hackathon-0\scripts\orchestrator.py", line 169, in process_tasks
    file_path = task.get('file_path', 'No file')
    ^^^^^^^^^^^^^^^^^^^^^^^^^^
  File "C:\Users\USER\AppData\Local\Programs\Python\Python313\Lib\encodings\cp1252.py", line 19, in encode
    return codecs.charmap_encode(input,self.errors,encoding_table)[0]
           ~~~~~~~~~~~~~~~~~~~~~^^^^^^^^^^^^^^^^^^^^^^^^^^^^^^^^^^
UnicodeEncodeError: 'charmap' codec can't encode character '\U0001f604' in position 36: character maps to <undefined>
2026-02-20 01:29:00,156 - INFO - Found 3 pending task(s)
2026-02-20 01:29:00,156 - INFO - Task #1 (email): Urgent Based
2026-02-20 01:29:00,158 - INFO - Task #2 (email): Urgent Based
2026-02-20 01:29:00,158 - ERROR - Error processing queue: 'charmap' codec can't encode character '\U0001f604' in position 36: character maps to <undefined>
Traceback (most recent call last):
  File "C:\Users\USER\Desktop\hackathon-0\scripts\orchestrator.py", line 209, in main
    QUEUE_FILE.parent.mkdir(parents=True, exist_ok=True)
            ^^^^^^^^^^^^^^^^^^^^
  File "C:\Users\USER\Desktop\hackathon-0\scripts\orchestrator.py", line 169, in process_tasks
    file_path = task.get('file_path', 'No file')
    ^^^^^^^^^^^^^^^^^^^^^^^^^^
  File "C:\Users\USER\AppData\Local\Programs\Python\Python313\Lib\encodings\cp1252.py", line 19, in encode
    return codecs.charmap_encode(input,self.errors,encoding_table)[0]
           ~~~~~~~~~~~~~~~~~~~~~^^^^^^^^^^^^^^^^^^^^^^^^^^^^^^^^^^
UnicodeEncodeError: 'charmap' codec can't encode character '\U0001f604' in position 36: character maps to <undefined>
2026-02-20 01:29:30,162 - INFO - Found 3 pending task(s)
2026-02-20 01:29:30,163 - INFO - Task #1 (email): Urgent Based
2026-02-20 01:29:30,163 - INFO - Task #2 (email): Urgent Based
2026-02-20 01:29:30,163 - ERROR - Error processing queue: 'charmap' codec can't encode character '\U0001f604' in position 36: character maps to <undefined>
Traceback (most recent call last):
  File "C:\Users\USER\Desktop\hackathon-0\scripts\orchestrator.py", line 209, in main
    QUEUE_FILE.parent.mkdir(parents=True, exist_ok=True)
            ^^^^^^^^^^^^^^^^^^^^
  File "C:\Users\USER\Desktop\hackathon-0\scripts\orchestrator.py", line 169, in process_tasks
    file_path = task.get('file_path', 'No file')
    ^^^^^^^^^^^^^^^^^^^^^^^^^^
  File "C:\Users\USER\AppData\Local\Programs\Python\Python313\Lib\encodings\cp1252.py", line 19, in encode
    return codecs.charmap_encode(input,self.errors,encoding_table)[0]
           ~~~~~~~~~~~~~~~~~~~~~^^^^^^^^^^^^^^^^^^^^^^^^^^^^^^^^^^
UnicodeEncodeError: 'charmap' codec can't encode character '\U0001f604' in position 36: character maps to <undefined>
2026-02-20 01:30:00,171 - INFO - Found 3 pending task(s)
2026-02-20 01:30:00,171 - INFO - Task #1 (email): Urgent Based
2026-02-20 01:30:00,172 - INFO - Task #2 (email): Urgent Based
2026-02-20 01:30:00,173 - ERROR - Error processing queue: 'charmap' codec can't encode character '\U0001f604' in position 36: character maps to <undefined>
Traceback (most recent call last):
  File "C:\Users\USER\Desktop\hackathon-0\scripts\orchestrator.py", line 209, in main
    QUEUE_FILE.parent.mkdir(parents=True, exist_ok=True)
            ^^^^^^^^^^^^^^^^^^^^
  File "C:\Users\USER\Desktop\hackathon-0\scripts\orchestrator.py", line 169, in process_tasks
    file_path = task.get('file_path', 'No file')
    ^^^^^^^^^^^^^^^^^^^^^^^^^^
  File "C:\Users\USER\AppData\Local\Programs\Python\Python313\Lib\encodings\cp1252.py", line 19, in encode
    return codecs.charmap_encode(input,self.errors,encoding_table)[0]
           ~~~~~~~~~~~~~~~~~~~~~^^^^^^^^^^^^^^^^^^^^^^^^^^^^^^^^^^
UnicodeEncodeError: 'charmap' codec can't encode character '\U0001f604' in position 36: character maps to <undefined>
2026-02-20 01:30:30,178 - INFO - Found 3 pending task(s)
2026-02-20 01:30:30,178 - INFO - Task #1 (email): Urgent Based
2026-02-20 01:30:30,178 - INFO - Task #2 (email): Urgent Based
2026-02-20 01:30:30,178 - ERROR - Error processing queue: 'charmap' codec can't encode character '\U0001f604' in position 36: character maps to <undefined>
Traceback (most recent call last):
  File "C:\Users\USER\Desktop\hackathon-0\scripts\orchestrator.py", line 209, in main
    QUEUE_FILE.parent.mkdir(parents=True, exist_ok=True)
            ^^^^^^^^^^^^^^^^^^^^
  File "C:\Users\USER\Desktop\hackathon-0\scripts\orchestrator.py", line 169, in process_tasks
    file_path = task.get('file_path', 'No file')
    ^^^^^^^^^^^^^^^^^^^^^^^^^^
  File "C:\Users\USER\AppData\Local\Programs\Python\Python313\Lib\encodings\cp1252.py", line 19, in encode
    return codecs.charmap_encode(input,self.errors,encoding_table)[0]
           ~~~~~~~~~~~~~~~~~~~~~^^^^^^^^^^^^^^^^^^^^^^^^^^^^^^^^^^
UnicodeEncodeError: 'charmap' codec can't encode character '\U0001f604' in position 36: character maps to <undefined>
2026-02-20 01:31:00,181 - INFO - Found 3 pending task(s)
2026-02-20 01:31:00,182 - INFO - Task #1 (email): Urgent Based
2026-02-20 01:31:00,182 - INFO - Task #2 (email): Urgent Based
2026-02-20 01:31:00,182 - ERROR - Error processing queue: 'charmap' codec can't encode character '\U0001f604' in position 36: character maps to <undefined>
Traceback (most recent call last):
  File "C:\Users\USER\Desktop\hackathon-0\scripts\orchestrator.py", line 209, in main
    QUEUE_FILE.parent.mkdir(parents=True, exist_ok=True)
            ^^^^^^^^^^^^^^^^^^^^
  File "C:\Users\USER\Desktop\hackathon-0\scripts\orchestrator.py", line 169, in process_tasks
    file_path = task.get('file_path', 'No file')
    ^^^^^^^^^^^^^^^^^^^^^^^^^^
  File "C:\Users\USER\AppData\Local\Programs\Python\Python313\Lib\encodings\cp1252.py", line 19, in encode
    return codecs.charmap_encode(input,self.errors,encoding_table)[0]
           ~~~~~~~~~~~~~~~~~~~~~^^^^^^^^^^^^^^^^^^^^^^^^^^^^^^^^^^
UnicodeEncodeError: 'charmap' codec can't encode character '\U0001f604' in position 36: character maps to <undefined>
2026-02-20 01:31:30,188 - INFO - Found 3 pending task(s)
2026-02-20 01:31:30,189 - INFO - Task #1 (email): Urgent Based
2026-02-20 01:31:30,190 - INFO - Task #2 (email): Urgent Based
2026-02-20 01:31:30,190 - ERROR - Error processing queue: 'charmap' codec can't encode character '\U0001f604' in position 36: character maps to <undefined>
Traceback (most recent call last):
  File "C:\Users\USER\Desktop\hackathon-0\scripts\orchestrator.py", line 209, in main
    QUEUE_FILE.parent.mkdir(parents=True, exist_ok=True)
            ^^^^^^^^^^^^^^^^^^^^
  File "C:\Users\USER\Desktop\hackathon-0\scripts\orchestrator.py", line 169, in process_tasks
    file_path = task.get('file_path', 'No file')
    ^^^^^^^^^^^^^^^^^^^^^^^^^^
  File "C:\Users\USER\AppData\Local\Programs\Python\Python313\Lib\encodings\cp1252.py", line 19, in encode
    return codecs.charmap_encode(input,self.errors,encoding_table)[0]
           ~~~~~~~~~~~~~~~~~~~~~^^^^^^^^^^^^^^^^^^^^^^^^^^^^^^^^^^
UnicodeEncodeError: 'charmap' codec can't encode character '\U0001f604' in position 36: character maps to <undefined>
2026-02-20 01:32:00,198 - INFO - Found 3 pending task(s)
2026-02-20 01:32:00,198 - INFO - Task #1 (email): Urgent Based
2026-02-20 01:32:00,199 - INFO - Task #2 (email): Urgent Based
2026-02-20 01:32:00,199 - ERROR - Error processing queue: 'charmap' codec can't encode character '\U0001f604' in position 36: character maps to <undefined>
Traceback (most recent call last):
  File "C:\Users\USER\Desktop\hackathon-0\scripts\orchestrator.py", line 209, in main
    QUEUE_FILE.parent.mkdir(parents=True, exist_ok=True)
            ^^^^^^^^^^^^^^^^^^^^
  File "C:\Users\USER\Desktop\hackathon-0\scripts\orchestrator.py", line 169, in process_tasks
    file_path = task.get('file_path', 'No file')
    ^^^^^^^^^^^^^^^^^^^^^^^^^^
  File "C:\Users\USER\AppData\Local\Programs\Python\Python313\Lib\encodings\cp1252.py", line 19, in encode
    return codecs.charmap_encode(input,self.errors,encoding_table)[0]
           ~~~~~~~~~~~~~~~~~~~~~^^^^^^^^^^^^^^^^^^^^^^^^^^^^^^^^^^
UnicodeEncodeError: 'charmap' codec can't encode character '\U0001f604' in position 36: character maps to <undefined>
2026-02-20 01:32:30,207 - INFO - Found 3 pending task(s)
2026-02-20 01:32:30,208 - INFO - Task #1 (email): Urgent Based
2026-02-20 01:32:30,209 - INFO - Task #2 (email): Urgent Based
2026-02-20 01:32:30,210 - ERROR - Error processing queue: 'charmap' codec can't encode character '\U0001f604' in position 36: character maps to <undefined>
Traceback (most recent call last):
  File "C:\Users\USER\Desktop\hackathon-0\scripts\orchestrator.py", line 209, in main
    QUEUE_FILE.parent.mkdir(parents=True, exist_ok=True)
            ^^^^^^^^^^^^^^^^^^^^
  File "C:\Users\USER\Desktop\hackathon-0\scripts\orchestrator.py", line 169, in process_tasks
    file_path = task.get('file_path', 'No file')
    ^^^^^^^^^^^^^^^^^^^^^^^^^^
  File "C:\Users\USER\AppData\Local\Programs\Python\Python313\Lib\encodings\cp1252.py", line 19, in encode
    return codecs.charmap_encode(input,self.errors,encoding_table)[0]
           ~~~~~~~~~~~~~~~~~~~~~^^^^^^^^^^^^^^^^^^^^^^^^^^^^^^^^^^
UnicodeEncodeError: 'charmap' codec can't encode character '\U0001f604' in position 36: character maps to <undefined>
2026-02-20 01:33:00,215 - INFO - Found 3 pending task(s)
2026-02-20 01:33:00,216 - INFO - Task #1 (email): Urgent Based
2026-02-20 01:33:00,216 - INFO - Task #2 (email): Urgent Based
2026-02-20 01:33:00,216 - ERROR - Error processing queue: 'charmap' codec can't encode character '\U0001f604' in position 36: character maps to <undefined>
Traceback (most recent call last):
  File "C:\Users\USER\Desktop\hackathon-0\scripts\orchestrator.py", line 209, in main
    QUEUE_FILE.parent.mkdir(parents=True, exist_ok=True)
            ^^^^^^^^^^^^^^^^^^^^
  File "C:\Users\USER\Desktop\hackathon-0\scripts\orchestrator.py", line 169, in process_tasks
    file_path = task.get('file_path', 'No file')
    ^^^^^^^^^^^^^^^^^^^^^^^^^^
  File "C:\Users\USER\AppData\Local\Programs\Python\Python313\Lib\encodings\cp1252.py", line 19, in encode
    return codecs.charmap_encode(input,self.errors,encoding_table)[0]
           ~~~~~~~~~~~~~~~~~~~~~^^^^^^^^^^^^^^^^^^^^^^^^^^^^^^^^^^
UnicodeEncodeError: 'charmap' codec can't encode character '\U0001f604' in position 36: character maps to <undefined>
2026-02-20 01:33:30,222 - INFO - Found 3 pending task(s)
2026-02-20 01:33:30,222 - INFO - Task #1 (email): Urgent Based
2026-02-20 01:33:30,222 - INFO - Task #2 (email): Urgent Based
2026-02-20 01:33:30,223 - ERROR - Error processing queue: 'charmap' codec can't encode character '\U0001f604' in position 36: character maps to <undefined>
Traceback (most recent call last):
  File "C:\Users\USER\Desktop\hackathon-0\scripts\orchestrator.py", line 209, in main
    QUEUE_FILE.parent.mkdir(parents=True, exist_ok=True)
            ^^^^^^^^^^^^^^^^^^^^
  File "C:\Users\USER\Desktop\hackathon-0\scripts\orchestrator.py", line 169, in process_tasks
    file_path = task.get('file_path', 'No file')
    ^^^^^^^^^^^^^^^^^^^^^^^^^^
  File "C:\Users\USER\AppData\Local\Programs\Python\Python313\Lib\encodings\cp1252.py", line 19, in encode
    return codecs.charmap_encode(input,self.errors,encoding_table)[0]
           ~~~~~~~~~~~~~~~~~~~~~^^^^^^^^^^^^^^^^^^^^^^^^^^^^^^^^^^
UnicodeEncodeError: 'charmap' codec can't encode character '\U0001f604' in position 36: character maps to <undefined>
2026-02-20 01:34:00,226 - INFO - Found 3 pending task(s)
2026-02-20 01:34:00,227 - INFO - Task #1 (email): Urgent Based
2026-02-20 01:34:00,228 - INFO - Task #2 (email): Urgent Based
2026-02-20 01:34:00,229 - ERROR - Error processing queue: 'charmap' codec can't encode character '\U0001f604' in position 36: character maps to <undefined>
Traceback (most recent call last):
  File "C:\Users\USER\Desktop\hackathon-0\scripts\orchestrator.py", line 209, in main
    QUEUE_FILE.parent.mkdir(parents=True, exist_ok=True)
            ^^^^^^^^^^^^^^^^^^^^
  File "C:\Users\USER\Desktop\hackathon-0\scripts\orchestrator.py", line 169, in process_tasks
    file_path = task.get('file_path', 'No file')
    ^^^^^^^^^^^^^^^^^^^^^^^^^^
  File "C:\Users\USER\AppData\Local\Programs\Python\Python313\Lib\encodings\cp1252.py", line 19, in encode
    return codecs.charmap_encode(input,self.errors,encoding_table)[0]
           ~~~~~~~~~~~~~~~~~~~~~^^^^^^^^^^^^^^^^^^^^^^^^^^^^^^^^^^
UnicodeEncodeError: 'charmap' codec can't encode character '\U0001f604' in position 36: character maps to <undefined>
2026-02-20 01:34:30,237 - INFO - Found 3 pending task(s)
2026-02-20 01:34:30,238 - INFO - Task #1 (email): Urgent Based
2026-02-20 01:34:30,238 - INFO - Task #2 (email): Urgent Based
2026-02-20 01:34:30,238 - ERROR - Error processing queue: 'charmap' codec can't encode character '\U0001f604' in position 36: character maps to <undefined>
Traceback (most recent call last):
  File "C:\Users\USER\Desktop\hackathon-0\scripts\orchestrator.py", line 209, in main
    QUEUE_FILE.parent.mkdir(parents=True, exist_ok=True)
            ^^^^^^^^^^^^^^^^^^^^
  File "C:\Users\USER\Desktop\hackathon-0\scripts\orchestrator.py", line 169, in process_tasks
    file_path = task.get('file_path', 'No file')
    ^^^^^^^^^^^^^^^^^^^^^^^^^^
  File "C:\Users\USER\AppData\Local\Programs\Python\Python313\Lib\encodings\cp1252.py", line 19, in encode
    return codecs.charmap_encode(input,self.errors,encoding_table)[0]
           ~~~~~~~~~~~~~~~~~~~~~^^^^^^^^^^^^^^^^^^^^^^^^^^^^^^^^^^
UnicodeEncodeError: 'charmap' codec can't encode character '\U0001f604' in position 36: character maps to <undefined>
2026-02-20 01:35:00,246 - INFO - Found 3 pending task(s)
2026-02-20 01:35:00,247 - INFO - Task #1 (email): Urgent Based
2026-02-20 01:35:00,247 - INFO - Task #2 (email): Urgent Based
2026-02-20 01:35:00,248 - ERROR - Error processing queue: 'charmap' codec can't encode character '\U0001f604' in position 36: character maps to <undefined>
Traceback (most recent call last):
  File "C:\Users\USER\Desktop\hackathon-0\scripts\orchestrator.py", line 209, in main
    QUEUE_FILE.parent.mkdir(parents=True, exist_ok=True)
            ^^^^^^^^^^^^^^^^^^^^
  File "C:\Users\USER\Desktop\hackathon-0\scripts\orchestrator.py", line 169, in process_tasks
    file_path = task.get('file_path', 'No file')
    ^^^^^^^^^^^^^^^^^^^^^^^^^^
  File "C:\Users\USER\AppData\Local\Programs\Python\Python313\Lib\encodings\cp1252.py", line 19, in encode
    return codecs.charmap_encode(input,self.errors,encoding_table)[0]
           ~~~~~~~~~~~~~~~~~~~~~^^^^^^^^^^^^^^^^^^^^^^^^^^^^^^^^^^
UnicodeEncodeError: 'charmap' codec can't encode character '\U0001f604' in position 36: character maps to <undefined>
2026-02-20 01:35:30,254 - INFO - Found 3 pending task(s)
2026-02-20 01:35:30,256 - INFO - Task #1 (email): Urgent Based
2026-02-20 01:35:30,257 - INFO - Task #2 (email): Urgent Based
2026-02-20 01:35:30,258 - ERROR - Error processing queue: 'charmap' codec can't encode character '\U0001f604' in position 36: character maps to <undefined>
Traceback (most recent call last):
  File "C:\Users\USER\Desktop\hackathon-0\scripts\orchestrator.py", line 209, in main
    QUEUE_FILE.parent.mkdir(parents=True, exist_ok=True)
            ^^^^^^^^^^^^^^^^^^^^
  File "C:\Users\USER\Desktop\hackathon-0\scripts\orchestrator.py", line 169, in process_tasks
    file_path = task.get('file_path', 'No file')
    ^^^^^^^^^^^^^^^^^^^^^^^^^^
  File "C:\Users\USER\AppData\Local\Programs\Python\Python313\Lib\encodings\cp1252.py", line 19, in encode
    return codecs.charmap_encode(input,self.errors,encoding_table)[0]
           ~~~~~~~~~~~~~~~~~~~~~^^^^^^^^^^^^^^^^^^^^^^^^^^^^^^^^^^
UnicodeEncodeError: 'charmap' codec can't encode character '\U0001f604' in position 36: character maps to <undefined>
2026-02-20 01:36:00,263 - INFO - Found 3 pending task(s)
2026-02-20 01:36:00,263 - INFO - Task #1 (email): Urgent Based
2026-02-20 01:36:00,263 - INFO - Task #2 (email): Urgent Based
2026-02-20 01:36:00,264 - ERROR - Error processing queue: 'charmap' codec can't encode character '\U0001f604' in position 36: character maps to <undefined>
Traceback (most recent call last):
  File "C:\Users\USER\Desktop\hackathon-0\scripts\orchestrator.py", line 209, in main
    QUEUE_FILE.parent.mkdir(parents=True, exist_ok=True)
            ^^^^^^^^^^^^^^^^^^^^
  File "C:\Users\USER\Desktop\hackathon-0\scripts\orchestrator.py", line 169, in process_tasks
    file_path = task.get('file_path', 'No file')
    ^^^^^^^^^^^^^^^^^^^^^^^^^^
  File "C:\Users\USER\AppData\Local\Programs\Python\Python313\Lib\encodings\cp1252.py", line 19, in encode
    return codecs.charmap_encode(input,self.errors,encoding_table)[0]
           ~~~~~~~~~~~~~~~~~~~~~^^^^^^^^^^^^^^^^^^^^^^^^^^^^^^^^^^
UnicodeEncodeError: 'charmap' codec can't encode character '\U0001f604' in position 36: character maps to <undefined>
2026-02-20 01:36:30,267 - INFO - Found 3 pending task(s)
2026-02-20 01:36:30,267 - INFO - Task #1 (email): Urgent Based
2026-02-20 01:36:30,267 - INFO - Task #2 (email): Urgent Based
2026-02-20 01:36:30,268 - ERROR - Error processing queue: 'charmap' codec can't encode character '\U0001f604' in position 36: character maps to <undefined>
Traceback (most recent call last):
  File "C:\Users\USER\Desktop\hackathon-0\scripts\orchestrator.py", line 209, in main
    QUEUE_FILE.parent.mkdir(parents=True, exist_ok=True)
            ^^^^^^^^^^^^^^^^^^^^
  File "C:\Users\USER\Desktop\hackathon-0\scripts\orchestrator.py", line 169, in process_tasks
    file_path = task.get('file_path', 'No file')
    ^^^^^^^^^^^^^^^^^^^^^^^^^^
  File "C:\Users\USER\AppData\Local\Programs\Python\Python313\Lib\encodings\cp1252.py", line 19, in encode
    return codecs.charmap_encode(input,self.errors,encoding_table)[0]
           ~~~~~~~~~~~~~~~~~~~~~^^^^^^^^^^^^^^^^^^^^^^^^^^^^^^^^^^
UnicodeEncodeError: 'charmap' codec can't encode character '\U0001f604' in position 36: character maps to <undefined>
2026-02-20 01:37:00,273 - INFO - Found 3 pending task(s)
2026-02-20 01:37:00,274 - INFO - Task #1 (email): Urgent Based
2026-02-20 01:37:00,275 - INFO - Task #2 (email): Urgent Based
2026-02-20 01:37:00,275 - ERROR - Error processing queue: 'charmap' codec can't encode character '\U0001f604' in position 36: character maps to <undefined>
Traceback (most recent call last):
  File "C:\Users\USER\Desktop\hackathon-0\scripts\orchestrator.py", line 209, in main
    QUEUE_FILE.parent.mkdir(parents=True, exist_ok=True)
            ^^^^^^^^^^^^^^^^^^^^
  File "C:\Users\USER\Desktop\hackathon-0\scripts\orchestrator.py", line 169, in process_tasks
    file_path = task.get('file_path', 'No file')
    ^^^^^^^^^^^^^^^^^^^^^^^^^^
  File "C:\Users\USER\AppData\Local\Programs\Python\Python313\Lib\encodings\cp1252.py", line 19, in encode
    return codecs.charmap_encode(input,self.errors,encoding_table)[0]
           ~~~~~~~~~~~~~~~~~~~~~^^^^^^^^^^^^^^^^^^^^^^^^^^^^^^^^^^
UnicodeEncodeError: 'charmap' codec can't encode character '\U0001f604' in position 36: character maps to <undefined>
2026-02-20 01:37:30,283 - INFO - Found 3 pending task(s)
2026-02-20 01:37:30,283 - INFO - Task #1 (email): Urgent Based
2026-02-20 01:37:30,284 - INFO - Task #2 (email): Urgent Based
2026-02-20 01:37:30,284 - ERROR - Error processing queue: 'charmap' codec can't encode character '\U0001f604' in position 36: character maps to <undefined>
Traceback (most recent call last):
  File "C:\Users\USER\Desktop\hackathon-0\scripts\orchestrator.py", line 209, in main
    QUEUE_FILE.parent.mkdir(parents=True, exist_ok=True)
            ^^^^^^^^^^^^^^^^^^^^
  File "C:\Users\USER\Desktop\hackathon-0\scripts\orchestrator.py", line 169, in process_tasks
    file_path = task.get('file_path', 'No file')
    ^^^^^^^^^^^^^^^^^^^^^^^^^^
  File "C:\Users\USER\AppData\Local\Programs\Python\Python313\Lib\encodings\cp1252.py", line 19, in encode
    return codecs.charmap_encode(input,self.errors,encoding_table)[0]
           ~~~~~~~~~~~~~~~~~~~~~^^^^^^^^^^^^^^^^^^^^^^^^^^^^^^^^^^
UnicodeEncodeError: 'charmap' codec can't encode character '\U0001f604' in position 36: character maps to <undefined>
2026-02-20 01:38:00,288 - INFO - Found 3 pending task(s)
2026-02-20 01:38:00,292 - INFO - Task #1 (email): Urgent Based
2026-02-20 01:38:00,293 - INFO - Task #2 (email): Urgent Based
2026-02-20 01:38:00,293 - ERROR - Error processing queue: 'charmap' codec can't encode character '\U0001f604' in position 36: character maps to <undefined>
Traceback (most recent call last):
  File "C:\Users\USER\Desktop\hackathon-0\scripts\orchestrator.py", line 209, in main
    QUEUE_FILE.parent.mkdir(parents=True, exist_ok=True)
            ^^^^^^^^^^^^^^^^^^^^
  File "C:\Users\USER\Desktop\hackathon-0\scripts\orchestrator.py", line 169, in process_tasks
    file_path = task.get('file_path', 'No file')
    ^^^^^^^^^^^^^^^^^^^^^^^^^^
  File "C:\Users\USER\AppData\Local\Programs\Python\Python313\Lib\encodings\cp1252.py", line 19, in encode
    return codecs.charmap_encode(input,self.errors,encoding_table)[0]
           ~~~~~~~~~~~~~~~~~~~~~^^^^^^^^^^^^^^^^^^^^^^^^^^^^^^^^^^
UnicodeEncodeError: 'charmap' codec can't encode character '\U0001f604' in position 36: character maps to <undefined>
2026-02-20 01:38:30,302 - INFO - Found 3 pending task(s)
2026-02-20 01:38:30,305 - INFO - Task #1 (email): Urgent Based
2026-02-20 01:38:30,307 - INFO - Task #2 (email): Urgent Based
2026-02-20 01:38:30,307 - ERROR - Error processing queue: 'charmap' codec can't encode character '\U0001f604' in position 36: character maps to <undefined>
Traceback (most recent call last):
  File "C:\Users\USER\Desktop\hackathon-0\scripts\orchestrator.py", line 209, in main
    QUEUE_FILE.parent.mkdir(parents=True, exist_ok=True)
            ^^^^^^^^^^^^^^^^^^^^
  File "C:\Users\USER\Desktop\hackathon-0\scripts\orchestrator.py", line 169, in process_tasks
    file_path = task.get('file_path', 'No file')
    ^^^^^^^^^^^^^^^^^^^^^^^^^^
  File "C:\Users\USER\AppData\Local\Programs\Python\Python313\Lib\encodings\cp1252.py", line 19, in encode
    return codecs.charmap_encode(input,self.errors,encoding_table)[0]
           ~~~~~~~~~~~~~~~~~~~~~^^^^^^^^^^^^^^^^^^^^^^^^^^^^^^^^^^
UnicodeEncodeError: 'charmap' codec can't encode character '\U0001f604' in position 36: character maps to <undefined>
2026-02-20 01:39:00,316 - INFO - Found 3 pending task(s)
2026-02-20 01:39:00,320 - INFO - Task #1 (email): Urgent Based
2026-02-20 01:39:00,321 - INFO - Task #2 (email): Urgent Based
2026-02-20 01:39:00,322 - ERROR - Error processing queue: 'charmap' codec can't encode character '\U0001f604' in position 36: character maps to <undefined>
Traceback (most recent call last):
  File "C:\Users\USER\Desktop\hackathon-0\scripts\orchestrator.py", line 209, in main
    QUEUE_FILE.parent.mkdir(parents=True, exist_ok=True)
            ^^^^^^^^^^^^^^^^^^^^
  File "C:\Users\USER\Desktop\hackathon-0\scripts\orchestrator.py", line 169, in process_tasks
    file_path = task.get('file_path', 'No file')
    ^^^^^^^^^^^^^^^^^^^^^^^^^^
  File "C:\Users\USER\AppData\Local\Programs\Python\Python313\Lib\encodings\cp1252.py", line 19, in encode
    return codecs.charmap_encode(input,self.errors,encoding_table)[0]
           ~~~~~~~~~~~~~~~~~~~~~^^^^^^^^^^^^^^^^^^^^^^^^^^^^^^^^^^
UnicodeEncodeError: 'charmap' codec can't encode character '\U0001f604' in position 36: character maps to <undefined>
2026-02-20 01:39:30,335 - INFO - Found 3 pending task(s)
2026-02-20 01:39:30,336 - INFO - Task #1 (email): Urgent Based
2026-02-20 01:39:30,337 - INFO - Task #2 (email): Urgent Based
2026-02-20 01:39:30,338 - ERROR - Error processing queue: 'charmap' codec can't encode character '\U0001f604' in position 36: character maps to <undefined>
Traceback (most recent call last):
  File "C:\Users\USER\Desktop\hackathon-0\scripts\orchestrator.py", line 209, in main
    QUEUE_FILE.parent.mkdir(parents=True, exist_ok=True)
            ^^^^^^^^^^^^^^^^^^^^
  File "C:\Users\USER\Desktop\hackathon-0\scripts\orchestrator.py", line 169, in process_tasks
    file_path = task.get('file_path', 'No file')
    ^^^^^^^^^^^^^^^^^^^^^^^^^^
  File "C:\Users\USER\AppData\Local\Programs\Python\Python313\Lib\encodings\cp1252.py", line 19, in encode
    return codecs.charmap_encode(input,self.errors,encoding_table)[0]
           ~~~~~~~~~~~~~~~~~~~~~^^^^^^^^^^^^^^^^^^^^^^^^^^^^^^^^^^
UnicodeEncodeError: 'charmap' codec can't encode character '\U0001f604' in position 36: character maps to <undefined>
2026-02-20 01:40:00,345 - INFO - Found 3 pending task(s)
2026-02-20 01:40:00,346 - INFO - Task #1 (email): Urgent Based
2026-02-20 01:40:00,346 - INFO - Task #2 (email): Urgent Based
2026-02-20 01:40:00,347 - ERROR - Error processing queue: 'charmap' codec can't encode character '\U0001f604' in position 36: character maps to <undefined>
Traceback (most recent call last):
  File "C:\Users\USER\Desktop\hackathon-0\scripts\orchestrator.py", line 209, in main
    QUEUE_FILE.parent.mkdir(parents=True, exist_ok=True)
            ^^^^^^^^^^^^^^^^^^^^
  File "C:\Users\USER\Desktop\hackathon-0\scripts\orchestrator.py", line 169, in process_tasks
    file_path = task.get('file_path', 'No file')
    ^^^^^^^^^^^^^^^^^^^^^^^^^^
  File "C:\Users\USER\AppData\Local\Programs\Python\Python313\Lib\encodings\cp1252.py", line 19, in encode
    return codecs.charmap_encode(input,self.errors,encoding_table)[0]
           ~~~~~~~~~~~~~~~~~~~~~^^^^^^^^^^^^^^^^^^^^^^^^^^^^^^^^^^
UnicodeEncodeError: 'charmap' codec can't encode character '\U0001f604' in position 36: character maps to <undefined>
2026-02-20 01:40:30,352 - INFO - Found 3 pending task(s)
2026-02-20 01:40:30,352 - INFO - Task #1 (email): Urgent Based
2026-02-20 01:40:30,352 - INFO - Task #2 (email): Urgent Based
2026-02-20 01:40:30,352 - ERROR - Error processing queue: 'charmap' codec can't encode character '\U0001f604' in position 36: character maps to <undefined>
Traceback (most recent call last):
  File "C:\Users\USER\Desktop\hackathon-0\scripts\orchestrator.py", line 209, in main
    QUEUE_FILE.parent.mkdir(parents=True, exist_ok=True)
            ^^^^^^^^^^^^^^^^^^^^
  File "C:\Users\USER\Desktop\hackathon-0\scripts\orchestrator.py", line 169, in process_tasks
    file_path = task.get('file_path', 'No file')
    ^^^^^^^^^^^^^^^^^^^^^^^^^^
  File "C:\Users\USER\AppData\Local\Programs\Python\Python313\Lib\encodings\cp1252.py", line 19, in encode
    return codecs.charmap_encode(input,self.errors,encoding_table)[0]
           ~~~~~~~~~~~~~~~~~~~~~^^^^^^^^^^^^^^^^^^^^^^^^^^^^^^^^^^
UnicodeEncodeError: 'charmap' codec can't encode character '\U0001f604' in position 36: character maps to <undefined>
2026-02-20 01:41:00,358 - INFO - Found 3 pending task(s)
2026-02-20 01:41:00,359 - INFO - Task #1 (email): Urgent Based
2026-02-20 01:41:00,359 - INFO - Task #2 (email): Urgent Based
2026-02-20 01:41:00,360 - ERROR - Error processing queue: 'charmap' codec can't encode character '\U0001f604' in position 36: character maps to <undefined>
Traceback (most recent call last):
  File "C:\Users\USER\Desktop\hackathon-0\scripts\orchestrator.py", line 209, in main
    QUEUE_FILE.parent.mkdir(parents=True, exist_ok=True)
            ^^^^^^^^^^^^^^^^^^^^
  File "C:\Users\USER\Desktop\hackathon-0\scripts\orchestrator.py", line 169, in process_tasks
    file_path = task.get('file_path', 'No file')
    ^^^^^^^^^^^^^^^^^^^^^^^^^^
  File "C:\Users\USER\AppData\Local\Programs\Python\Python313\Lib\encodings\cp1252.py", line 19, in encode
    return codecs.charmap_encode(input,self.errors,encoding_table)[0]
           ~~~~~~~~~~~~~~~~~~~~~^^^^^^^^^^^^^^^^^^^^^^^^^^^^^^^^^^
UnicodeEncodeError: 'charmap' codec can't encode character '\U0001f604' in position 36: character maps to <undefined>
2026-02-20 01:41:30,365 - INFO - Found 3 pending task(s)
2026-02-20 01:41:30,366 - INFO - Task #1 (email): Urgent Based
2026-02-20 01:41:30,367 - INFO - Task #2 (email): Urgent Based
2026-02-20 01:41:30,368 - ERROR - Error processing queue: 'charmap' codec can't encode character '\U0001f604' in position 36: character maps to <undefined>
Traceback (most recent call last):
  File "C:\Users\USER\Desktop\hackathon-0\scripts\orchestrator.py", line 209, in main
    QUEUE_FILE.parent.mkdir(parents=True, exist_ok=True)
            ^^^^^^^^^^^^^^^^^^^^
  File "C:\Users\USER\Desktop\hackathon-0\scripts\orchestrator.py", line 169, in process_tasks
    file_path = task.get('file_path', 'No file')
    ^^^^^^^^^^^^^^^^^^^^^^^^^^
  File "C:\Users\USER\AppData\Local\Programs\Python\Python313\Lib\encodings\cp1252.py", line 19, in encode
    return codecs.charmap_encode(input,self.errors,encoding_table)[0]
           ~~~~~~~~~~~~~~~~~~~~~^^^^^^^^^^^^^^^^^^^^^^^^^^^^^^^^^^
UnicodeEncodeError: 'charmap' codec can't encode character '\U0001f604' in position 36: character maps to <undefined>
2026-02-20 01:42:00,374 - INFO - Found 3 pending task(s)
2026-02-20 01:42:00,375 - INFO - Task #1 (email): Urgent Based
2026-02-20 01:42:00,376 - INFO - Task #2 (email): Urgent Based
2026-02-20 01:42:00,376 - ERROR - Error processing queue: 'charmap' codec can't encode character '\U0001f604' in position 36: character maps to <undefined>
Traceback (most recent call last):
  File "C:\Users\USER\Desktop\hackathon-0\scripts\orchestrator.py", line 209, in main
    QUEUE_FILE.parent.mkdir(parents=True, exist_ok=True)
            ^^^^^^^^^^^^^^^^^^^^
  File "C:\Users\USER\Desktop\hackathon-0\scripts\orchestrator.py", line 169, in process_tasks
    file_path = task.get('file_path', 'No file')
    ^^^^^^^^^^^^^^^^^^^^^^^^^^
  File "C:\Users\USER\AppData\Local\Programs\Python\Python313\Lib\encodings\cp1252.py", line 19, in encode
    return codecs.charmap_encode(input,self.errors,encoding_table)[0]
           ~~~~~~~~~~~~~~~~~~~~~^^^^^^^^^^^^^^^^^^^^^^^^^^^^^^^^^^
UnicodeEncodeError: 'charmap' codec can't encode character '\U0001f604' in position 36: character maps to <undefined>
2026-02-20 01:42:30,384 - INFO - Found 3 pending task(s)
2026-02-20 01:42:30,385 - INFO - Task #1 (email): Urgent Based
2026-02-20 01:42:30,385 - INFO - Task #2 (email): Urgent Based
2026-02-20 01:42:30,386 - ERROR - Error processing queue: 'charmap' codec can't encode character '\U0001f604' in position 36: character maps to <undefined>
Traceback (most recent call last):
  File "C:\Users\USER\Desktop\hackathon-0\scripts\orchestrator.py", line 209, in main
    QUEUE_FILE.parent.mkdir(parents=True, exist_ok=True)
            ^^^^^^^^^^^^^^^^^^^^
  File "C:\Users\USER\Desktop\hackathon-0\scripts\orchestrator.py", line 169, in process_tasks
    file_path = task.get('file_path', 'No file')
    ^^^^^^^^^^^^^^^^^^^^^^^^^^
  File "C:\Users\USER\AppData\Local\Programs\Python\Python313\Lib\encodings\cp1252.py", line 19, in encode
    return codecs.charmap_encode(input,self.errors,encoding_table)[0]
           ~~~~~~~~~~~~~~~~~~~~~^^^^^^^^^^^^^^^^^^^^^^^^^^^^^^^^^^
UnicodeEncodeError: 'charmap' codec can't encode character '\U0001f604' in position 36: character maps to <undefined>
2026-02-20 01:43:00,392 - INFO - Found 3 pending task(s)
2026-02-20 01:43:00,392 - INFO - Task #1 (email): Urgent Based
2026-02-20 01:43:00,393 - INFO - Task #2 (email): Urgent Based
2026-02-20 01:43:00,394 - ERROR - Error processing queue: 'charmap' codec can't encode character '\U0001f604' in position 36: character maps to <undefined>
Traceback (most recent call last):
  File "C:\Users\USER\Desktop\hackathon-0\scripts\orchestrator.py", line 209, in main
    QUEUE_FILE.parent.mkdir(parents=True, exist_ok=True)
            ^^^^^^^^^^^^^^^^^^^^
  File "C:\Users\USER\Desktop\hackathon-0\scripts\orchestrator.py", line 169, in process_tasks
    file_path = task.get('file_path', 'No file')
    ^^^^^^^^^^^^^^^^^^^^^^^^^^
  File "C:\Users\USER\AppData\Local\Programs\Python\Python313\Lib\encodings\cp1252.py", line 19, in encode
    return codecs.charmap_encode(input,self.errors,encoding_table)[0]
           ~~~~~~~~~~~~~~~~~~~~~^^^^^^^^^^^^^^^^^^^^^^^^^^^^^^^^^^
UnicodeEncodeError: 'charmap' codec can't encode character '\U0001f604' in position 36: character maps to <undefined>
2026-02-20 01:43:30,402 - INFO - Found 3 pending task(s)
2026-02-20 01:43:30,403 - INFO - Task #1 (email): Urgent Based
2026-02-20 01:43:30,403 - INFO - Task #2 (email): Urgent Based
2026-02-20 01:43:30,403 - ERROR - Error processing queue: 'charmap' codec can't encode character '\U0001f604' in position 36: character maps to <undefined>
Traceback (most recent call last):
  File "C:\Users\USER\Desktop\hackathon-0\scripts\orchestrator.py", line 209, in main
    QUEUE_FILE.parent.mkdir(parents=True, exist_ok=True)
            ^^^^^^^^^^^^^^^^^^^^
  File "C:\Users\USER\Desktop\hackathon-0\scripts\orchestrator.py", line 169, in process_tasks
    file_path = task.get('file_path', 'No file')
    ^^^^^^^^^^^^^^^^^^^^^^^^^^
  File "C:\Users\USER\AppData\Local\Programs\Python\Python313\Lib\encodings\cp1252.py", line 19, in encode
    return codecs.charmap_encode(input,self.errors,encoding_table)[0]
           ~~~~~~~~~~~~~~~~~~~~~^^^^^^^^^^^^^^^^^^^^^^^^^^^^^^^^^^
UnicodeEncodeError: 'charmap' codec can't encode character '\U0001f604' in position 36: character maps to <undefined>
2026-02-20 01:44:00,408 - INFO - Found 3 pending task(s)
2026-02-20 01:44:00,409 - INFO - Task #1 (email): Urgent Based
2026-02-20 01:44:00,409 - INFO - Task #2 (email): Urgent Based
2026-02-20 01:44:00,409 - ERROR - Error processing queue: 'charmap' codec can't encode character '\U0001f604' in position 36: character maps to <undefined>
Traceback (most recent call last):
  File "C:\Users\USER\Desktop\hackathon-0\scripts\orchestrator.py", line 209, in main
    QUEUE_FILE.parent.mkdir(parents=True, exist_ok=True)
            ^^^^^^^^^^^^^^^^^^^^
  File "C:\Users\USER\Desktop\hackathon-0\scripts\orchestrator.py", line 169, in process_tasks
    file_path = task.get('file_path', 'No file')
    ^^^^^^^^^^^^^^^^^^^^^^^^^^
  File "C:\Users\USER\AppData\Local\Programs\Python\Python313\Lib\encodings\cp1252.py", line 19, in encode
    return codecs.charmap_encode(input,self.errors,encoding_table)[0]
           ~~~~~~~~~~~~~~~~~~~~~^^^^^^^^^^^^^^^^^^^^^^^^^^^^^^^^^^
UnicodeEncodeError: 'charmap' codec can't encode character '\U0001f604' in position 36: character maps to <undefined>
2026-02-20 01:44:30,412 - INFO - Found 3 pending task(s)
2026-02-20 01:44:30,412 - INFO - Task #1 (email): Urgent Based
2026-02-20 01:44:30,413 - INFO - Task #2 (email): Urgent Based
2026-02-20 01:44:30,413 - ERROR - Error processing queue: 'charmap' codec can't encode character '\U0001f604' in position 36: character maps to <undefined>
Traceback (most recent call last):
  File "C:\Users\USER\Desktop\hackathon-0\scripts\orchestrator.py", line 209, in main
    QUEUE_FILE.parent.mkdir(parents=True, exist_ok=True)
            ^^^^^^^^^^^^^^^^^^^^
  File "C:\Users\USER\Desktop\hackathon-0\scripts\orchestrator.py", line 169, in process_tasks
    file_path = task.get('file_path', 'No file')
    ^^^^^^^^^^^^^^^^^^^^^^^^^^
  File "C:\Users\USER\AppData\Local\Programs\Python\Python313\Lib\encodings\cp1252.py", line 19, in encode
    return codecs.charmap_encode(input,self.errors,encoding_table)[0]
           ~~~~~~~~~~~~~~~~~~~~~^^^^^^^^^^^^^^^^^^^^^^^^^^^^^^^^^^
UnicodeEncodeError: 'charmap' codec can't encode character '\U0001f604' in position 36: character maps to <undefined>
2026-02-20 01:45:00,417 - INFO - Found 3 pending task(s)
2026-02-20 01:45:00,418 - INFO - Task #1 (email): Urgent Based
2026-02-20 01:45:00,418 - INFO - Task #2 (email): Urgent Based
2026-02-20 01:45:00,419 - ERROR - Error processing queue: 'charmap' codec can't encode character '\U0001f604' in position 36: character maps to <undefined>
Traceback (most recent call last):
  File "C:\Users\USER\Desktop\hackathon-0\scripts\orchestrator.py", line 209, in main
    QUEUE_FILE.parent.mkdir(parents=True, exist_ok=True)
            ^^^^^^^^^^^^^^^^^^^^
  File "C:\Users\USER\Desktop\hackathon-0\scripts\orchestrator.py", line 169, in process_tasks
    file_path = task.get('file_path', 'No file')
    ^^^^^^^^^^^^^^^^^^^^^^^^^^
  File "C:\Users\USER\AppData\Local\Programs\Python\Python313\Lib\encodings\cp1252.py", line 19, in encode
    return codecs.charmap_encode(input,self.errors,encoding_table)[0]
           ~~~~~~~~~~~~~~~~~~~~~^^^^^^^^^^^^^^^^^^^^^^^^^^^^^^^^^^
UnicodeEncodeError: 'charmap' codec can't encode character '\U0001f604' in position 36: character maps to <undefined>
2026-02-20 01:45:30,427 - INFO - Found 3 pending task(s)
2026-02-20 01:45:30,428 - INFO - Task #1 (email): Urgent Based
2026-02-20 01:45:30,428 - INFO - Task #2 (email): Urgent Based
2026-02-20 01:45:30,430 - ERROR - Error processing queue: 'charmap' codec can't encode character '\U0001f604' in position 36: character maps to <undefined>
Traceback (most recent call last):
  File "C:\Users\USER\Desktop\hackathon-0\scripts\orchestrator.py", line 209, in main
    QUEUE_FILE.parent.mkdir(parents=True, exist_ok=True)
            ^^^^^^^^^^^^^^^^^^^^
  File "C:\Users\USER\Desktop\hackathon-0\scripts\orchestrator.py", line 169, in process_tasks
    file_path = task.get('file_path', 'No file')
    ^^^^^^^^^^^^^^^^^^^^^^^^^^
  File "C:\Users\USER\AppData\Local\Programs\Python\Python313\Lib\encodings\cp1252.py", line 19, in encode
    return codecs.charmap_encode(input,self.errors,encoding_table)[0]
           ~~~~~~~~~~~~~~~~~~~~~^^^^^^^^^^^^^^^^^^^^^^^^^^^^^^^^^^
UnicodeEncodeError: 'charmap' codec can't encode character '\U0001f604' in position 36: character maps to <undefined>
2026-02-20 01:46:00,438 - INFO - Found 3 pending task(s)
2026-02-20 01:46:00,438 - INFO - Task #1 (email): Urgent Based
2026-02-20 01:46:00,439 - INFO - Task #2 (email): Urgent Based
2026-02-20 01:46:00,439 - ERROR - Error processing queue: 'charmap' codec can't encode character '\U0001f604' in position 36: character maps to <undefined>
Traceback (most recent call last):
  File "C:\Users\USER\Desktop\hackathon-0\scripts\orchestrator.py", line 209, in main
    QUEUE_FILE.parent.mkdir(parents=True, exist_ok=True)
            ^^^^^^^^^^^^^^^^^^^^
  File "C:\Users\USER\Desktop\hackathon-0\scripts\orchestrator.py", line 169, in process_tasks
    file_path = task.get('file_path', 'No file')
    ^^^^^^^^^^^^^^^^^^^^^^^^^^
  File "C:\Users\USER\AppData\Local\Programs\Python\Python313\Lib\encodings\cp1252.py", line 19, in encode
    return codecs.charmap_encode(input,self.errors,encoding_table)[0]
           ~~~~~~~~~~~~~~~~~~~~~^^^^^^^^^^^^^^^^^^^^^^^^^^^^^^^^^^
UnicodeEncodeError: 'charmap' codec can't encode character '\U0001f604' in position 36: character maps to <undefined>
2026-02-20 01:46:30,445 - INFO - Found 3 pending task(s)
2026-02-20 01:46:30,445 - INFO - Task #1 (email): Urgent Based
2026-02-20 01:46:30,446 - INFO - Task #2 (email): Urgent Based
2026-02-20 01:46:30,447 - ERROR - Error processing queue: 'charmap' codec can't encode character '\U0001f604' in position 36: character maps to <undefined>
Traceback (most recent call last):
  File "C:\Users\USER\Desktop\hackathon-0\scripts\orchestrator.py", line 209, in main
    QUEUE_FILE.parent.mkdir(parents=True, exist_ok=True)
            ^^^^^^^^^^^^^^^^^^^^
  File "C:\Users\USER\Desktop\hackathon-0\scripts\orchestrator.py", line 169, in process_tasks
    file_path = task.get('file_path', 'No file')
    ^^^^^^^^^^^^^^^^^^^^^^^^^^
  File "C:\Users\USER\AppData\Local\Programs\Python\Python313\Lib\encodings\cp1252.py", line 19, in encode
    return codecs.charmap_encode(input,self.errors,encoding_table)[0]
           ~~~~~~~~~~~~~~~~~~~~~^^^^^^^^^^^^^^^^^^^^^^^^^^^^^^^^^^
UnicodeEncodeError: 'charmap' codec can't encode character '\U0001f604' in position 36: character maps to <undefined>
2026-02-20 01:47:00,452 - INFO - Found 3 pending task(s)
2026-02-20 01:47:00,452 - INFO - Task #1 (email): Urgent Based
2026-02-20 01:47:00,453 - INFO - Task #2 (email): Urgent Based
2026-02-20 01:47:00,453 - ERROR - Error processing queue: 'charmap' codec can't encode character '\U0001f604' in position 36: character maps to <undefined>
Traceback (most recent call last):
  File "C:\Users\USER\Desktop\hackathon-0\scripts\orchestrator.py", line 209, in main
    QUEUE_FILE.parent.mkdir(parents=True, exist_ok=True)
            ^^^^^^^^^^^^^^^^^^^^
  File "C:\Users\USER\Desktop\hackathon-0\scripts\orchestrator.py", line 169, in process_tasks
    file_path = task.get('file_path', 'No file')
    ^^^^^^^^^^^^^^^^^^^^^^^^^^
  File "C:\Users\USER\AppData\Local\Programs\Python\Python313\Lib\encodings\cp1252.py", line 19, in encode
    return codecs.charmap_encode(input,self.errors,encoding_table)[0]
           ~~~~~~~~~~~~~~~~~~~~~^^^^^^^^^^^^^^^^^^^^^^^^^^^^^^^^^^
UnicodeEncodeError: 'charmap' codec can't encode character '\U0001f604' in position 36: character maps to <undefined>
2026-02-20 01:47:30,460 - INFO - Found 3 pending task(s)
2026-02-20 01:47:30,461 - INFO - Task #1 (email): Urgent Based
2026-02-20 01:47:30,462 - INFO - Task #2 (email): Urgent Based
2026-02-20 01:47:30,462 - ERROR - Error processing queue: 'charmap' codec can't encode character '\U0001f604' in position 36: character maps to <undefined>
Traceback (most recent call last):
  File "C:\Users\USER\Desktop\hackathon-0\scripts\orchestrator.py", line 209, in main
    QUEUE_FILE.parent.mkdir(parents=True, exist_ok=True)
            ^^^^^^^^^^^^^^^^^^^^
  File "C:\Users\USER\Desktop\hackathon-0\scripts\orchestrator.py", line 169, in process_tasks
    file_path = task.get('file_path', 'No file')
    ^^^^^^^^^^^^^^^^^^^^^^^^^^
  File "C:\Users\USER\AppData\Local\Programs\Python\Python313\Lib\encodings\cp1252.py", line 19, in encode
    return codecs.charmap_encode(input,self.errors,encoding_table)[0]
           ~~~~~~~~~~~~~~~~~~~~~^^^^^^^^^^^^^^^^^^^^^^^^^^^^^^^^^^
UnicodeEncodeError: 'charmap' codec can't encode character '\U0001f604' in position 36: character maps to <undefined>
2026-02-20 01:48:00,470 - INFO - Found 3 pending task(s)
2026-02-20 01:48:00,471 - INFO - Task #1 (email): Urgent Based
2026-02-20 01:48:00,473 - INFO - Task #2 (email): Urgent Based
2026-02-20 01:48:00,474 - ERROR - Error processing queue: 'charmap' codec can't encode character '\U0001f604' in position 36: character maps to <undefined>
Traceback (most recent call last):
  File "C:\Users\USER\Desktop\hackathon-0\scripts\orchestrator.py", line 209, in main
    QUEUE_FILE.parent.mkdir(parents=True, exist_ok=True)
            ^^^^^^^^^^^^^^^^^^^^
  File "C:\Users\USER\Desktop\hackathon-0\scripts\orchestrator.py", line 169, in process_tasks
    file_path = task.get('file_path', 'No file')
    ^^^^^^^^^^^^^^^^^^^^^^^^^^
  File "C:\Users\USER\AppData\Local\Programs\Python\Python313\Lib\encodings\cp1252.py", line 19, in encode
    return codecs.charmap_encode(input,self.errors,encoding_table)[0]
           ~~~~~~~~~~~~~~~~~~~~~^^^^^^^^^^^^^^^^^^^^^^^^^^^^^^^^^^
UnicodeEncodeError: 'charmap' codec can't encode character '\U0001f604' in position 36: character maps to <undefined>
2026-02-20 01:48:30,482 - INFO - Found 3 pending task(s)
2026-02-20 01:48:30,483 - INFO - Task #1 (email): Urgent Based
2026-02-20 01:48:30,483 - INFO - Task #2 (email): Urgent Based
2026-02-20 01:48:30,483 - ERROR - Error processing queue: 'charmap' codec can't encode character '\U0001f604' in position 36: character maps to <undefined>
Traceback (most recent call last):
  File "C:\Users\USER\Desktop\hackathon-0\scripts\orchestrator.py", line 209, in main
    QUEUE_FILE.parent.mkdir(parents=True, exist_ok=True)
            ^^^^^^^^^^^^^^^^^^^^
  File "C:\Users\USER\Desktop\hackathon-0\scripts\orchestrator.py", line 169, in process_tasks
    file_path = task.get('file_path', 'No file')
    ^^^^^^^^^^^^^^^^^^^^^^^^^^
  File "C:\Users\USER\AppData\Local\Programs\Python\Python313\Lib\encodings\cp1252.py", line 19, in encode
    return codecs.charmap_encode(input,self.errors,encoding_table)[0]
           ~~~~~~~~~~~~~~~~~~~~~^^^^^^^^^^^^^^^^^^^^^^^^^^^^^^^^^^
UnicodeEncodeError: 'charmap' codec can't encode character '\U0001f604' in position 36: character maps to <undefined>
2026-02-20 01:49:00,489 - INFO - Found 3 pending task(s)
2026-02-20 01:49:00,489 - INFO - Task #1 (email): Urgent Based
2026-02-20 01:49:00,490 - INFO - Task #2 (email): Urgent Based
2026-02-20 01:49:00,490 - ERROR - Error processing queue: 'charmap' codec can't encode character '\U0001f604' in position 36: character maps to <undefined>
Traceback (most recent call last):
  File "C:\Users\USER\Desktop\hackathon-0\scripts\orchestrator.py", line 209, in main
    QUEUE_FILE.parent.mkdir(parents=True, exist_ok=True)
            ^^^^^^^^^^^^^^^^^^^^
  File "C:\Users\USER\Desktop\hackathon-0\scripts\orchestrator.py", line 169, in process_tasks
    file_path = task.get('file_path', 'No file')
    ^^^^^^^^^^^^^^^^^^^^^^^^^^
  File "C:\Users\USER\AppData\Local\Programs\Python\Python313\Lib\encodings\cp1252.py", line 19, in encode
    return codecs.charmap_encode(input,self.errors,encoding_table)[0]
           ~~~~~~~~~~~~~~~~~~~~~^^^^^^^^^^^^^^^^^^^^^^^^^^^^^^^^^^
UnicodeEncodeError: 'charmap' codec can't encode character '\U0001f604' in position 36: character maps to <undefined>
2026-02-20 01:49:30,496 - INFO - Found 3 pending task(s)
2026-02-20 01:49:30,497 - INFO - Task #1 (email): Urgent Based
2026-02-20 01:49:30,497 - INFO - Task #2 (email): Urgent Based
2026-02-20 01:49:30,497 - ERROR - Error processing queue: 'charmap' codec can't encode character '\U0001f604' in position 36: character maps to <undefined>
Traceback (most recent call last):
  File "C:\Users\USER\Desktop\hackathon-0\scripts\orchestrator.py", line 209, in main
    QUEUE_FILE.parent.mkdir(parents=True, exist_ok=True)
            ^^^^^^^^^^^^^^^^^^^^
  File "C:\Users\USER\Desktop\hackathon-0\scripts\orchestrator.py", line 169, in process_tasks
    file_path = task.get('file_path', 'No file')
    ^^^^^^^^^^^^^^^^^^^^^^^^^^
  File "C:\Users\USER\AppData\Local\Programs\Python\Python313\Lib\encodings\cp1252.py", line 19, in encode
    return codecs.charmap_encode(input,self.errors,encoding_table)[0]
           ~~~~~~~~~~~~~~~~~~~~~^^^^^^^^^^^^^^^^^^^^^^^^^^^^^^^^^^
UnicodeEncodeError: 'charmap' codec can't encode character '\U0001f604' in position 36: character maps to <undefined>
2026-02-20 01:50:00,503 - INFO - Found 3 pending task(s)
2026-02-20 01:50:00,504 - INFO - Task #1 (email): Urgent Based
2026-02-20 01:50:00,505 - INFO - Task #2 (email): Urgent Based
2026-02-20 01:50:00,505 - ERROR - Error processing queue: 'charmap' codec can't encode character '\U0001f604' in position 36: character maps to <undefined>
Traceback (most recent call last):
  File "C:\Users\USER\Desktop\hackathon-0\scripts\orchestrator.py", line 209, in main
    QUEUE_FILE.parent.mkdir(parents=True, exist_ok=True)
            ^^^^^^^^^^^^^^^^^^^^
  File "C:\Users\USER\Desktop\hackathon-0\scripts\orchestrator.py", line 169, in process_tasks
    file_path = task.get('file_path', 'No file')
    ^^^^^^^^^^^^^^^^^^^^^^^^^^
  File "C:\Users\USER\AppData\Local\Programs\Python\Python313\Lib\encodings\cp1252.py", line 19, in encode
    return codecs.charmap_encode(input,self.errors,encoding_table)[0]
           ~~~~~~~~~~~~~~~~~~~~~^^^^^^^^^^^^^^^^^^^^^^^^^^^^^^^^^^
UnicodeEncodeError: 'charmap' codec can't encode character '\U0001f604' in position 36: character maps to <undefined>
2026-02-20 01:50:30,513 - INFO - Found 3 pending task(s)
2026-02-20 01:50:30,513 - INFO - Task #1 (email): Urgent Based
2026-02-20 01:50:30,513 - INFO - Task #2 (email): Urgent Based
2026-02-20 01:50:30,513 - ERROR - Error processing queue: 'charmap' codec can't encode character '\U0001f604' in position 36: character maps to <undefined>
Traceback (most recent call last):
  File "C:\Users\USER\Desktop\hackathon-0\scripts\orchestrator.py", line 209, in main
    QUEUE_FILE.parent.mkdir(parents=True, exist_ok=True)
            ^^^^^^^^^^^^^^^^^^^^
  File "C:\Users\USER\Desktop\hackathon-0\scripts\orchestrator.py", line 169, in process_tasks
    file_path = task.get('file_path', 'No file')
    ^^^^^^^^^^^^^^^^^^^^^^^^^^
  File "C:\Users\USER\AppData\Local\Programs\Python\Python313\Lib\encodings\cp1252.py", line 19, in encode
    return codecs.charmap_encode(input,self.errors,encoding_table)[0]
           ~~~~~~~~~~~~~~~~~~~~~^^^^^^^^^^^^^^^^^^^^^^^^^^^^^^^^^^
UnicodeEncodeError: 'charmap' codec can't encode character '\U0001f604' in position 36: character maps to <undefined>
2026-02-20 01:51:00,516 - INFO - Found 3 pending task(s)
2026-02-20 01:51:00,517 - INFO - Task #1 (email): Urgent Based
2026-02-20 01:51:00,517 - INFO - Task #2 (email): Urgent Based
2026-02-20 01:51:00,518 - ERROR - Error processing queue: 'charmap' codec can't encode character '\U0001f604' in position 36: character maps to <undefined>
Traceback (most recent call last):
  File "C:\Users\USER\Desktop\hackathon-0\scripts\orchestrator.py", line 209, in main
    QUEUE_FILE.parent.mkdir(parents=True, exist_ok=True)
            ^^^^^^^^^^^^^^^^^^^^
  File "C:\Users\USER\Desktop\hackathon-0\scripts\orchestrator.py", line 169, in process_tasks
    file_path = task.get('file_path', 'No file')
    ^^^^^^^^^^^^^^^^^^^^^^^^^^
  File "C:\Users\USER\AppData\Local\Programs\Python\Python313\Lib\encodings\cp1252.py", line 19, in encode
    return codecs.charmap_encode(input,self.errors,encoding_table)[0]
           ~~~~~~~~~~~~~~~~~~~~~^^^^^^^^^^^^^^^^^^^^^^^^^^^^^^^^^^
UnicodeEncodeError: 'charmap' codec can't encode character '\U0001f604' in position 36: character maps to <undefined>
2026-02-20 01:51:30,522 - INFO - Found 3 pending task(s)
2026-02-20 01:51:30,522 - INFO - Task #1 (email): Urgent Based
2026-02-20 01:51:30,523 - INFO - Task #2 (email): Urgent Based
2026-02-20 01:51:30,523 - ERROR - Error processing queue: 'charmap' codec can't encode character '\U0001f604' in position 36: character maps to <undefined>
Traceback (most recent call last):
  File "C:\Users\USER\Desktop\hackathon-0\scripts\orchestrator.py", line 209, in main
    QUEUE_FILE.parent.mkdir(parents=True, exist_ok=True)
            ^^^^^^^^^^^^^^^^^^^^
  File "C:\Users\USER\Desktop\hackathon-0\scripts\orchestrator.py", line 169, in process_tasks
    file_path = task.get('file_path', 'No file')
    ^^^^^^^^^^^^^^^^^^^^^^^^^^
  File "C:\Users\USER\AppData\Local\Programs\Python\Python313\Lib\encodings\cp1252.py", line 19, in encode
    return codecs.charmap_encode(input,self.errors,encoding_table)[0]
           ~~~~~~~~~~~~~~~~~~~~~^^^^^^^^^^^^^^^^^^^^^^^^^^^^^^^^^^
UnicodeEncodeError: 'charmap' codec can't encode character '\U0001f604' in position 36: character maps to <undefined>
2026-02-20 01:52:00,528 - INFO - Found 3 pending task(s)
2026-02-20 01:52:00,529 - INFO - Task #1 (email): Urgent Based
2026-02-20 01:52:00,530 - INFO - Task #2 (email): Urgent Based
2026-02-20 01:52:00,530 - ERROR - Error processing queue: 'charmap' codec can't encode character '\U0001f604' in position 36: character maps to <undefined>
Traceback (most recent call last):
  File "C:\Users\USER\Desktop\hackathon-0\scripts\orchestrator.py", line 209, in main
    QUEUE_FILE.parent.mkdir(parents=True, exist_ok=True)
            ^^^^^^^^^^^^^^^^^^^^
  File "C:\Users\USER\Desktop\hackathon-0\scripts\orchestrator.py", line 169, in process_tasks
    file_path = task.get('file_path', 'No file')
    ^^^^^^^^^^^^^^^^^^^^^^^^^^
  File "C:\Users\USER\AppData\Local\Programs\Python\Python313\Lib\encodings\cp1252.py", line 19, in encode
    return codecs.charmap_encode(input,self.errors,encoding_table)[0]
           ~~~~~~~~~~~~~~~~~~~~~^^^^^^^^^^^^^^^^^^^^^^^^^^^^^^^^^^
UnicodeEncodeError: 'charmap' codec can't encode character '\U0001f604' in position 36: character maps to <undefined>
2026-02-20 01:52:30,538 - INFO - Found 3 pending task(s)
2026-02-20 01:52:30,541 - INFO - Task #1 (email): Urgent Based
2026-02-20 01:52:30,542 - INFO - Task #2 (email): Urgent Based
2026-02-20 01:52:30,543 - ERROR - Error processing queue: 'charmap' codec can't encode character '\U0001f604' in position 36: character maps to <undefined>
Traceback (most recent call last):
  File "C:\Users\USER\Desktop\hackathon-0\scripts\orchestrator.py", line 209, in main
    QUEUE_FILE.parent.mkdir(parents=True, exist_ok=True)
            ^^^^^^^^^^^^^^^^^^^^
  File "C:\Users\USER\Desktop\hackathon-0\scripts\orchestrator.py", line 169, in process_tasks
    file_path = task.get('file_path', 'No file')
    ^^^^^^^^^^^^^^^^^^^^^^^^^^
  File "C:\Users\USER\AppData\Local\Programs\Python\Python313\Lib\encodings\cp1252.py", line 19, in encode
    return codecs.charmap_encode(input,self.errors,encoding_table)[0]
           ~~~~~~~~~~~~~~~~~~~~~^^^^^^^^^^^^^^^^^^^^^^^^^^^^^^^^^^
UnicodeEncodeError: 'charmap' codec can't encode character '\U0001f604' in position 36: character maps to <undefined>
2026-02-20 01:53:00,551 - INFO - Found 3 pending task(s)
2026-02-20 01:53:00,551 - INFO - Task #1 (email): Urgent Based
2026-02-20 01:53:00,552 - INFO - Task #2 (email): Urgent Based
2026-02-20 01:53:00,552 - ERROR - Error processing queue: 'charmap' codec can't encode character '\U0001f604' in position 36: character maps to <undefined>
Traceback (most recent call last):
  File "C:\Users\USER\Desktop\hackathon-0\scripts\orchestrator.py", line 209, in main
    QUEUE_FILE.parent.mkdir(parents=True, exist_ok=True)
            ^^^^^^^^^^^^^^^^^^^^
  File "C:\Users\USER\Desktop\hackathon-0\scripts\orchestrator.py", line 169, in process_tasks
    file_path = task.get('file_path', 'No file')
    ^^^^^^^^^^^^^^^^^^^^^^^^^^
  File "C:\Users\USER\AppData\Local\Programs\Python\Python313\Lib\encodings\cp1252.py", line 19, in encode
    return codecs.charmap_encode(input,self.errors,encoding_table)[0]
           ~~~~~~~~~~~~~~~~~~~~~^^^^^^^^^^^^^^^^^^^^^^^^^^^^^^^^^^
UnicodeEncodeError: 'charmap' codec can't encode character '\U0001f604' in position 36: character maps to <undefined>
2026-02-20 06:23:23,913 - INFO - Found 3 pending task(s)
2026-02-20 06:23:23,949 - INFO - Task #1 (email): Urgent Based
2026-02-20 06:23:23,949 - INFO - Task #2 (email): Urgent Based
2026-02-20 06:23:23,950 - ERROR - Error processing queue: 'charmap' codec can't encode character '\U0001f604' in position 36: character maps to <undefined>
Traceback (most recent call last):
  File "C:\Users\USER\Desktop\hackathon-0\scripts\orchestrator.py", line 209, in main
    QUEUE_FILE.parent.mkdir(parents=True, exist_ok=True)
            ^^^^^^^^^^^^^^^^^^^^
  File "C:\Users\USER\Desktop\hackathon-0\scripts\orchestrator.py", line 169, in process_tasks
    file_path = task.get('file_path', 'No file')
    ^^^^^^^^^^^^^^^^^^^^^^^^^^
  File "C:\Users\USER\AppData\Local\Programs\Python\Python313\Lib\encodings\cp1252.py", line 19, in encode
    return codecs.charmap_encode(input,self.errors,encoding_table)[0]
           ~~~~~~~~~~~~~~~~~~~~~^^^^^^^^^^^^^^^^^^^^^^^^^^^^^^^^^^
UnicodeEncodeError: 'charmap' codec can't encode character '\U0001f604' in position 36: character maps to <undefined>
2026-02-20 06:23:53,958 - INFO - Found 3 pending task(s)
2026-02-20 06:23:53,958 - INFO - Task #1 (email): Urgent Based
2026-02-20 06:23:53,959 - INFO - Task #2 (email): Urgent Based
2026-02-20 06:23:53,960 - ERROR - Error processing queue: 'charmap' codec can't encode character '\U0001f604' in position 36: character maps to <undefined>
Traceback (most recent call last):
  File "C:\Users\USER\Desktop\hackathon-0\scripts\orchestrator.py", line 209, in main
    QUEUE_FILE.parent.mkdir(parents=True, exist_ok=True)
            ^^^^^^^^^^^^^^^^^^^^
  File "C:\Users\USER\Desktop\hackathon-0\scripts\orchestrator.py", line 169, in process_tasks
    file_path = task.get('file_path', 'No file')
    ^^^^^^^^^^^^^^^^^^^^^^^^^^
  File "C:\Users\USER\AppData\Local\Programs\Python\Python313\Lib\encodings\cp1252.py", line 19, in encode
    return codecs.charmap_encode(input,self.errors,encoding_table)[0]
           ~~~~~~~~~~~~~~~~~~~~~^^^^^^^^^^^^^^^^^^^^^^^^^^^^^^^^^^
UnicodeEncodeError: 'charmap' codec can't encode character '\U0001f604' in position 36: character maps to <undefined>
2026-02-20 11:59:13,622 - INFO - ======================================================================
2026-02-20 11:59:13,623 - INFO - Orchestrator Starting - Silver Tier
2026-02-20 11:59:13,623 - INFO - ======================================================================
2026-02-20 11:59:13,623 - INFO - Polling: C:\Users\USER\Desktop\hackathon-0\vault\Queue\pending_tasks.md
2026-02-20 11:59:13,623 - INFO - Interval: 30 seconds
2026-02-20 11:59:13,624 - INFO - Press Ctrl+C to stop
2026-02-20 11:59:13,626 - INFO - Found 3 pending task(s)
2026-02-20 11:59:13,627 - INFO - Task #1 (email): Urgent Based
2026-02-20 11:59:13,630 - INFO - Task #2 (email): Urgent Based
2026-02-20 11:59:13,638 - INFO - Task #3 (email): Re: urgent
2026-02-20 11:59:43,640 - INFO - Found 4 pending task(s)
2026-02-20 11:59:43,646 - INFO - Task #1 (email): Urgent Based
2026-02-20 11:59:43,667 - INFO - Task #2 (email): Urgent Based
2026-02-20 11:59:43,688 - INFO - Task #3 (email): Re: urgent
2026-02-20 11:59:43,722 - INFO - Task #4 (email): Urgent Invoice Manager Call
2026-02-20 12:00:13,727 - INFO - Found 4 pending task(s)
2026-02-20 12:00:13,730 - INFO - Task #1 (email): Urgent Based
2026-02-20 12:00:13,736 - INFO - Task #2 (email): Urgent Based
2026-02-20 12:00:14,205 - INFO - Task #3 (email): Re: urgent
2026-02-20 12:00:14,225 - INFO - Task #4 (email): Urgent Invoice Manager Call
2026-02-20 12:00:44,228 - INFO - Found 4 pending task(s)
2026-02-20 12:00:44,240 - INFO - Task #1 (email): Urgent Based
2026-02-20 12:00:44,280 - INFO - Task #2 (email): Urgent Based
2026-02-20 12:00:44,287 - INFO - Task #3 (email): Re: urgent
2026-02-20 12:00:44,291 - INFO - Task #4 (email): Urgent Invoice Manager Call
2026-02-20 12:01:14,295 - INFO - Found 4 pending task(s)
2026-02-20 12:01:14,320 - INFO - Task #1 (email): Urgent Based
2026-02-20 12:01:14,348 - INFO - Task #2 (email): Urgent Based
2026-02-20 12:01:14,368 - INFO - Task #3 (email): Re: urgent
2026-02-20 12:01:14,376 - INFO - Task #4 (email): Urgent Invoice Manager Call
2026-02-20 12:01:44,414 - INFO - Found 4 pending task(s)
2026-02-20 12:01:44,494 - INFO - Task #1 (email): Urgent Based
2026-02-20 12:01:44,507 - INFO - Task #2 (email): Urgent Based
2026-02-20 12:01:44,516 - INFO - Task #3 (email): Re: urgent
2026-02-20 12:01:44,526 - INFO - Task #4 (email): Urgent Invoice Manager Call
2026-02-20 12:02:14,528 - INFO - Found 4 pending task(s)
2026-02-20 12:02:14,548 - INFO - Task #1 (email): Urgent Based
2026-02-20 12:02:14,591 - INFO - Task #2 (email): Urgent Based
2026-02-20 12:02:14,599 - INFO - Task #3 (email): Re: urgent
2026-02-20 12:02:14,613 - INFO - Task #4 (email): Urgent Invoice Manager Call
2026-02-20 12:02:44,616 - INFO - Found 4 pending task(s)
2026-02-20 12:02:44,632 - INFO - Task #1 (email): Urgent Based
2026-02-20 12:02:44,647 - INFO - Task #2 (email): Urgent Based
2026-02-20 12:02:44,663 - INFO - Task #3 (email): Re: urgent
2026-02-20 12:02:44,678 - INFO - Task #4 (email): Urgent Invoice Manager Call
2026-02-20 12:02:51,089 - INFO - 
Keyboard interrupt received. Stopping orchestrator...
2026-02-20 12:02:51,091 - INFO - Orchestrator stopped
2026-02-20 12:02:51,093 - INFO - ======================================================================
